37.2533,-81.2713,Reefer,10292,562.0,42.912,-77.7456,1400.0,1,2023-11-17T03:12:52,Load
41.5286,-71.9617,Flatbed,10332,309.0,40.6262,-76.6208,910.0,2,2023-11-17T03:22:36,Load
43.6054,-116.3915,Flatbed,40003,443.0,45.1473,-122.577,1100.0,3,2023-11-17T03:22:36,Load
41.36,-74.27,Reefer,40016,1774.0,39.73,-104.93,3800.0,4,2023-11-17T03:23:55,Load
40.9537,-75.9804,Van,10937,200.0,38.8163,-76.7512,625.0,5,2023-11-17T04:04:31,Load
42.45,-83.19,Van,10239,459.0,40.17,-77.39,700.0,6,2023-11-17T06:02:38,Load
36.6983,-78.9012,Van,10588,364.0,40.5173,-75.7774,910.0,7,2023-11-17T06:05:37,Load
41.5145,-87.8706,Flatbed,40011,1537.0,53.8419,-107.0342,1650.0,8,2023-11-17T06:05:49,Load
36.2157,-83.2934,Flatbed,10213,766.0,41.4788,-72.6802,1350.0,9,2023-11-17T06:35:56,Load
38.7754,-76.0756,Flatbed,10599,233.0,36.6779,-76.9229,625.0,10,2023-11-17T06:35:56,Load
35.0073,-80.9465,Reefer,10941,309.0,38.5678,-81.9884,1000.0,11,2023-11-17T06:36:01,Load
32.8172,-96.9566,Van,10708,1162.0,42.2593,-83.2067,2200.0,12,2023-11-17T06:38:59,Load
38.7754,-76.0756,Van,10977,210.0,37.2747,-76.7067,650.0,13,2023-11-17T06:39:34,Load
42.7,-83.4073,Van,10881,212.0,40.5558,-81.9192,600.0,14,2023-11-17T07:23:03,Load
Reefer,Long,34.294166564941406,-85.87999725341797,15,2023-11-17T08:12:28,101,Truck
Flatbed,Short,39.91321563720703,-86.21017456054688,16,2023-11-17T08:19:59,134,Truck
Van,Short,36.07754898071289,-87.12014770507812,17,2023-11-17T08:20:41,121,Truck
38.7754,-76.0756,Flatbed,10516,205.0,38.0676,-78.701,450.0,18,2023-11-17T08:22:38,Load
Van,Long,32.50544738769531,-85.60502624511719,19,2023-11-17T08:28:02,106,Truck
Flatbed,Long,35.79412078857422,-86.37789154052734,20,2023-11-17T08:29:42,147,Truck
Flatbed,Long,33.3255615234375,-87.0457534790039,21,2023-11-17T08:30:52,159,Truck
Flatbed,Short,43.46783828735352,-71.5811767578125,22,2023-11-17T08:33:01,112,Truck
Flatbed,Long,36.712520599365234,-81.9375,23,2023-11-17T08:33:37,155,Truck
Reefer,Long,37.00162124633789,-84.10564422607422,24,2023-11-17T08:38:02,114,Truck
Van,Short,40.8126106262207,-73.99231719970703,25,2023-11-17T08:38:02,176,Truck
Van,Long,35.27237701416016,-80.84786224365234,26,2023-11-17T08:39:00,144,Truck
Reefer,Long,41.511962890625,-87.74269104003906,27,2023-11-17T08:41:08,169,Truck
42.8794,-78.8775,Van,11057,479.0,42.1033,-86.4817,1200.0,28,2023-11-17T08:41:19,Load
Reefer,Long,40.81547927856445,-74.44510650634766,29,2023-11-17T08:42:24,172,Truck
Flatbed,Long,34.79556655883789,-80.4051284790039,39,2023-11-17T08:46:07,192,Truck
Flatbed,Long,41.350582122802734,-87.20035552978516,40,2023-11-17T08:46:53,152,Truck
39.0,-78.16,Van,10820,270.0,40.51,-74.3,800.0,41,2023-11-17T08:50:00,Load
Reefer,Short,40.79142379760742,-74.45803833007812,42,2023-11-17T08:50:01,201,Truck
Flatbed,Long,36.40932846069336,-84.3056869506836,43,2023-11-17T08:50:11,189,Truck
Flatbed,Long,40.63347625732422,-74.23700714111328,44,2023-11-17T08:51:14,137,Truck
Reefer,Long,42.97785568237305,-77.22093963623047,45,2023-11-17T08:51:16,174,Truck
Van,Long,41.13305282592773,-80.15388488769531,46,2023-11-17T08:53:26,186,Truck
Reefer,Long,43.13368606567383,-80.51978302001953,47,2023-11-17T08:54:06,115,Truck
Van,Short,42.115020751953125,-83.3776626586914,48,2023-11-17T08:54:34,191,Truck
Van,Short,42.212677001953125,-83.68504333496094,58,2023-11-17T08:57:39,182,Truck
Reefer,Long,43.12996673583984,-80.62301635742188,59,2023-11-17T08:59:07,115,Truck
Van,Short,40.99319076538086,-82.60523986816406,60,2023-11-17T09:01:25,154,Truck
Reefer,Long,35.80476760864258,-80.18846130371094,61,2023-11-17T09:05:06,145,Truck
Flatbed,Long,36.41474533081055,-84.51128387451172,62,2023-11-17T09:05:13,189,Truck
Flatbed,Long,45.61162185668945,-73.08822631835938,63,2023-11-17T09:05:25,180,Truck
Van,Long,32.53272247314453,-85.56966400146484,64,2023-11-17T09:05:53,106,Truck
Reefer,Long,39.95553588867188,-83.3736801147461,65,2023-11-17T09:05:54,230,Truck
Flatbed,Long,34.738521575927734,-82.71920013427734,75,2023-11-17T09:12:41,223,Truck
Van,Long,40.368125915527344,-76.18385314941406,76,2023-11-17T09:13:18,200,Truck
Flatbed,Short,39.81191635131836,-86.17557525634766,77,2023-11-17T09:13:24,157,Truck
Van,Long,34.16739273071289,-86.1478271484375,78,2023-11-17T09:13:29,209,Truck
Van,Long,32.30772018432617,-80.93501281738281,79,2023-11-17T09:13:49,127,Truck
41.052,-83.6438,Van,10529,410.0,40.2454,-76.921,650.0,80,2023-11-17T09:13:58,Load
40.5554,-75.66,Van,10146,591.0,43.056,-83.3279,1750.0,81,2023-11-17T09:14:19,Load
27.9613,-82.4493,Reefer,40006,265.0,25.7812,-80.1911,600.0,82,2023-11-17T09:14:34,Load
41.9584,-70.6673,Van,10609,221.0,40.812,-74.1243,805.0,83,2023-11-17T09:14:49,Load
Flatbed,Short,41.70818710327149,-87.79500579833984,93,2023-11-17T09:20:53,164,Truck
Van,Long,41.754150390625,-72.68269348144531,94,2023-11-17T09:21:34,251,Truck
Flatbed,Short,41.6019401550293,-81.50347137451172,95,2023-11-17T09:21:39,245,Truck
Van,Short,42.36505126953125,-83.44522094726562,96,2023-11-17T09:22:11,191,Truck
Flatbed,Short,39.879127502441406,-83.96053314208984,97,2023-11-17T09:22:16,211,Truck
41.8961,-71.4145,Van,10457,126.0,42.4421,-73.2592,380.0,98,2023-11-17T09:22:41,Load
43.5448,-96.7311,Van,10502,1329.0,40.8514,-74.7333,1700.0,99,2023-11-17T09:22:42,Load
41.6261,-71.4545,Flatbed,10195,350.0,40.5395,-76.9608,1050.0,100,2023-11-17T09:22:44,Load
Flatbed,Long,42.22358322143555,-83.37861633300781,101,2023-11-17T09:23:05,246,Truck
Van,Short,38.04500579833984,-84.67056274414062,102,2023-11-17T09:23:07,116,Truck
Reefer,Short,40.49615478515625,-86.86848449707031,103,2023-11-17T09:23:40,141,Truck
Van,Short,35.78899383544922,-87.16542053222656,113,2023-11-17T09:27:12,121,Truck
Van,Short,42.5786361694336,-83.88922882080078,114,2023-11-17T09:27:45,182,Truck
Van,Long,40.32666778564453,-76.04034423828125,115,2023-11-17T09:28:20,200,Truck
Reefer,Long,34.77556610107422,-82.30685424804688,116,2023-11-17T09:28:22,236,Truck
Van,Short,39.29179000854492,-84.44843292236328,117,2023-11-17T09:28:34,124,Truck
Van,Short,33.97989273071289,-79.19269561767578,118,2023-11-17T09:30:02,228,Truck
40.4777,-74.6268,Van,10499,152.0,40.0631,-76.7183,600.0,119,2023-11-17T09:30:15,Load
Reefer,Short,33.56230926513672,-86.83136749267578,120,2023-11-17T09:31:04,240,Truck
37.5389,-87.2583,Van,10944,178.0,39.526,-87.1258,500.0,130,2023-11-17T09:31:59,Load
41.29,-81.48,Van,10987,350.0,39.19,-76.72,650.0,131,2023-11-17T09:31:59,Load
30.3812,-89.7446,Van,10022,622.0,36.99,-84.5995,1114.2,132,2023-11-17T09:32:00,Load
Van,Short,35.73127746582031,-87.13800811767578,133,2023-11-17T09:32:13,121,Truck
35.2429,-81.0373,Flatbed,10124,829.0,42.3854,-72.0954,1100.0,134,2023-11-17T09:32:22,Load
Van,Long,39.02131271362305,-76.94416809082031,135,2023-11-17T09:32:44,110,Truck
Reefer,Long,43.02495193481445,-78.11530303955078,136,2023-11-17T09:32:58,174,Truck
Reefer,Long,34.77286911010742,-82.29795837402344,137,2023-11-17T09:33:23,236,Truck
Reefer,Short,43.68624877929688,-70.32768249511719,148,2023-11-17T09:38:53,271,Truck
Van,Short,43.06207656860352,-71.4442367553711,149,2023-11-17T09:39:15,274,Truck
40.5865,-79.7781,Van,10264,266.0,37.7807,-80.394,700.0,150,2023-11-17T09:40:31,Load
Van,Long,39.13606262207031,-76.79450225830078,151,2023-11-17T09:41:01,143,Truck
Reefer,Long,41.067176818847656,-85.0190200805664,152,2023-11-17T09:41:35,281,Truck
Reefer,Long,39.05494689941406,-84.54402923583984,153,2023-11-17T09:41:56,204,Truck
Reefer,Short,39.892555236816406,-82.90800476074219,154,2023-11-17T09:42:24,233,Truck
Reefer,Long,32.91962814331055,-83.79886627197266,155,2023-11-17T09:42:43,142,Truck
Reefer,Long,39.01648712158203,-76.99766540527344,165,2023-11-17T09:45:40,125,Truck
31.9637,-95.272,Van,40018,238.0,30.5782,-98.2728,522.29,166,2023-11-17T09:46:34,Load
40.149,-79.5412,Van,10484,198.0,39.8521,-82.8846,725.0,167,2023-11-17T09:46:36,Load
Reefer,Short,38.65193176269531,-76.87329864501953,168,2023-11-17T09:48:04,301,Truck
Reefer,Long,38.09189224243164,-84.4704818725586,169,2023-11-17T09:48:10,114,Truck
Reefer,Short,40.119415283203125,-86.51583862304688,170,2023-11-17T09:48:42,141,Truck
37.1464,-92.7688,Flatbed,10135,908.0,40.4823,-78.5517,1850.0,171,2023-11-17T09:48:46,Load
Reefer,Long,42.61559677124024,-81.62698364257812,183,2023-11-17T09:54:14,115,Truck
Van,Short,35.89788818359375,-81.55409240722656,184,2023-11-17T09:54:14,103,Truck
32.87,-96.67,Flatbed,11055,942.0,39.33,-84.49,2150.0,185,2023-11-17T09:56:10,Load
34.0116,-86.0108,Van,10616,727.0,40.6187,-80.6044,1550.0,186,2023-11-17T09:56:26,Load
Reefer,Long,41.15059661865234,-84.82076263427734,187,2023-11-17T09:57:26,281,Truck
41.7214,-85.8175,Van,10037,598.0,39.2977,-76.6176,750.0,188,2023-11-17T09:57:37,Load
40.7222,-73.4243,Van,10399,67.0,40.6616,-74.3066,498.0,189,2023-11-17T09:57:43,Load
27.5077,-99.5029,Flatbed,11017,1913.0,40.206,-75.0998,1500.0,190,2023-11-17T09:57:46,Load
39.7345,-104.935,Van,10567,1665.0,38.8857,-76.9045,2650.0,191,2023-11-17T09:58:05,Load
38.6619,-84.9397,Flatbed,11013,1093.0,44.4431,-69.1492,1750.0,192,2023-11-17T09:58:05,Load
39.5179,-77.1093,Van,10222,454.0,39.3415,-84.3987,1600.0,193,2023-11-17T09:58:06,Load
Van,Short,40.81435394287109,-74.05506896972656,204,2023-11-17T10:04:41,183,Truck
Flatbed,Long,33.368412017822266,-82.10224151611328,205,2023-11-17T10:04:47,327,Truck
Reefer,Long,42.94967651367188,-78.7609634399414,206,2023-11-17T10:05:02,174,Truck
Reefer,Long,39.43231201171875,-84.34030151367188,207,2023-11-17T10:05:24,276,Truck
35.1411,-90.045,Van,10809,658.0,41.5211,-83.8057,1300.0,208,2023-11-17T10:06:13,Load
Van,Long,37.31249237060547,-84.29149627685547,209,2023-11-17T10:06:24,323,Truck
34.7047,-85.2819,Van,10569,749.0,40.8645,-75.811,1170.0,210,2023-11-17T10:06:55,Load
42.2948,-85.5911,Reefer,10503,280.0,41.0815,-81.5192,700.0,219,2023-11-17T10:10:32,Load
35.9129,-79.7175,Flatbed,10508,268.0,38.0296,-76.5808,500.0,220,2023-11-17T10:11:04,Load
Flatbed,Long,33.82749938964844,-84.34489440917969,221,2023-11-17T10:11:11,132,Truck
Flatbed,Short,39.91702651977539,-82.90806579589844,222,2023-11-17T10:11:20,280,Truck
40.3468,-74.4425,Reefer,10646,462.0,40.722,-81.5226,1400.0,223,2023-11-17T10:11:25,Load
Van,Long,32.12553787231445,-81.16078186035156,224,2023-11-17T10:12:38,127,Truck
36.8663,-87.4892,Van,10152,778.0,41.0037,-76.4549,1187.5,225,2023-11-17T10:12:39,Load
Reefer,Long,35.27020263671875,-80.86270904541016,226,2023-11-17T10:12:39,167,Truck
33.5778,-101.8551,Van,10016,1187.0,37.5686,-84.2963,3000.0,227,2023-11-17T10:12:45,Load
Flatbed,Short,33.447166442871094,-80.71678161621094,228,2023-11-17T10:13:02,277,Truck
39.8521,-82.8846,Van,11035,241.0,37.5701,-85.252,675.0,238,2023-11-17T10:15:50,Load
Reefer,Short,40.267051696777344,-83.48197174072266,239,2023-11-17T10:15:59,214,Truck
40.2767,-81.586,Van,10455,280.0,42.8794,-78.8775,510.0,240,2023-11-17T10:16:21,Load
46.2549,-119.9052,Van,10031,2136.0,42.982,-84.1177,2895.2,241,2023-11-17T10:17:51,Load
Reefer,Long,38.55908203125,-84.59571075439453,242,2023-11-17T10:18:13,114,Truck
39.5995,-88.6078,Flatbed,10067,756.0,40.0201,-76.1336,1400.0,243,2023-11-17T10:18:18,Load
Van,Long,40.1862907409668,-75.51839447021484,244,2023-11-17T10:18:26,200,Truck
32.1324,-81.299,Flatbed,10756,538.0,37.2784,-84.6586,1000.0,252,2023-11-17T10:21:26,Load
Van,Long,37.372955322265625,-79.24019622802734,253,2023-11-17T10:22:03,254,Truck
33.6018,-83.8617,Van,10112,910.0,43.0944,-79.0537,1800.0,254,2023-11-17T10:22:17,Load
38.956,-85.8895,Van,10162,708.0,40.2601,-74.2738,900.0,255,2023-11-17T10:22:24,Load
Flatbed,Short,40.72189712524414,-74.05476379394531,256,2023-11-17T10:22:24,135,Truck
Flatbed,Long,32.29679870605469,-81.06324005126953,257,2023-11-17T10:23:21,332,Truck
Reefer,Long,35.83774185180664,-78.67313385009766,258,2023-11-17T10:23:26,302,Truck
40.2795,-86.5108,Van,10218,419.0,41.8037,-80.0565,941.0,259,2023-11-17T10:23:33,Load
Reefer,Short,40.02384185791016,-77.52092742919922,268,2023-11-17T10:27:05,120,Truck
Reefer,Short,40.03101348876953,-77.49430847167969,269,2023-11-17T10:27:10,120,Truck
33.5778,-101.8551,Reefer,10024,1571.0,39.1851,-78.1664,2600.0,270,2023-11-17T10:27:22,Load
Flatbed,Long,40.27182388305664,-76.87708282470703,271,2023-11-17T10:27:24,206,Truck
Flatbed,Short,35.33610916137695,-80.8488540649414,272,2023-11-17T10:27:32,326,Truck
Reefer,Long,33.47904968261719,-84.21622467041016,273,2023-11-17T10:27:48,142,Truck
Reefer,Short,33.01163482666016,-84.46658325195312,274,2023-11-17T10:28:08,232,Truck
43.7322,-83.4511,Van,10904,199.0,42.6739,-85.6447,382.0,275,2023-11-17T10:28:47,Load
Reefer,Short,32.79957962036133,-79.94390869140625,276,2023-11-17T10:28:48,139,Truck
38.8796,-81.862,Van,10283,386.0,37.8434,-87.5908,1100.0,286,2023-11-17T10:33:06,Load
Van,Short,41.54671478271485,-73.72400665283203,287,2023-11-17T10:33:15,278,Truck
Reefer,Long,40.655067443847656,-75.23925018310547,288,2023-11-17T10:33:59,197,Truck
33.0063,-97.227,Van,10458,690.0,37.1091,-87.8821,1650.0,289,2023-11-17T10:34:14,Load
Van,Short,37.98053741455078,-87.4502944946289,290,2023-11-17T10:34:53,351,Truck
Flatbed,Short,42.77431488037109,-76.62361907958984,291,2023-11-17T10:36:07,300,Truck
Flatbed,Long,38.66231155395508,-77.79682922363281,292,2023-11-17T10:36:44,324,Truck
42.3709,-72.5981,Reefer,10122,201.0,42.6242,-75.3316,1000.0,293,2023-11-17T10:36:55,Load
Flatbed,Short,39.68329620361328,-76.07559204101562,304,2023-11-17T10:40:16,250,Truck
43.08,-94.55,Flatbed,10011,572.0,41.14,-85.44,1600.0,305,2023-11-17T10:40:58,Load
Van,Long,34.38313674926758,-80.99479675292969,306,2023-11-17T10:41:11,333,Truck
Reefer,Long,41.44123458862305,-87.71479034423828,307,2023-11-17T10:41:12,169,Truck
Van,Long,33.93944549560547,-84.36800384521484,308,2023-11-17T10:41:56,102,Truck
Flatbed,Long,46.713077545166016,-67.8364486694336,309,2023-11-17T10:42:04,203,Truck
30.3812,-89.7446,Reefer,10289,1493.0,42.2829,-71.0855,2428.0,310,2023-11-17T10:42:26,Load
Van,Short,41.35932540893555,-75.70471954345703,311,2023-11-17T10:42:27,130,Truck
Flatbed,Short,32.064208984375,-83.64605712890625,312,2023-11-17T10:42:34,129,Truck
41.85,-72.64,Van,10491,309.0,42.91,-77.3,900.0,324,2023-11-17T10:45:19,Load
Flatbed,Short,42.80680465698242,-76.6318359375,325,2023-11-17T10:45:48,300,Truck
Flatbed,Short,34.36281967163086,-83.2936019897461,326,2023-11-17T10:46:48,348,Truck
Van,Long,38.7039909362793,-84.91071319580078,327,2023-11-17T10:46:51,362,Truck
Van,Short,39.21757125854492,-76.47254180908203,328,2023-11-17T10:47:22,357,Truck
37.7586,-77.472,Van,10116,257.0,40.2645,-75.8041,600.0,329,2023-11-17T10:47:26,Load
Flatbed,Long,41.27096557617188,-75.51779174804688,330,2023-11-17T10:47:40,303,Truck
Flatbed,Long,42.46390914916992,-72.61790466308594,331,2023-11-17T10:49:23,364,Truck
Reefer,Long,41.9170150756836,-80.57324981689453,332,2023-11-17T10:50:05,188,Truck
29.55,-95.8,Van,11036,1097.0,40.05,-85.53,2000.0,341,2023-11-17T10:51:47,Load
41.5757,-87.2,Flatbed,10048,420.0,40.3276,-80.5903,1000.0,342,2023-11-17T10:51:47,Load
41.5286,-71.9617,Flatbed,10154,374.0,40.2134,-77.7,910.0,343,2023-11-17T10:51:50,Load
33.5699,-84.5887,Van,10768,925.0,40.7613,-73.8225,1600.0,344,2023-11-17T10:51:52,Load
39.9392,-75.119,Van,10021,582.0,39.914,-85.163,1329.0,345,2023-11-17T10:51:53,Load
Flatbed,Short,42.74512481689453,-76.61773681640625,346,2023-11-17T10:52:06,300,Truck
Reefer,Long,42.89832305908203,-78.6629867553711,347,2023-11-17T10:52:44,328,Truck
Van,Long,39.0584716796875,-84.46965026855469,348,2023-11-17T10:53:18,163,Truck
Van,Long,35.731597900390625,-84.40215301513672,361,2023-11-17T10:56:30,226,Truck
Reefer,Short,41.96670150756836,-70.69441986083984,362,2023-11-17T10:56:38,366,Truck
Reefer,Short,41.707008361816406,-83.6073989868164,363,2023-11-17T10:57:34,265,Truck
42.4119,-71.1765,Flatbed,10583,204.0,44.7963,-71.8556,611.0,364,2023-11-17T10:58:19,Load
32.5175,-92.158,Van,10251,1145.0,39.8006,-76.983,1800.0,365,2023-11-17T10:58:21,Load
40.86,-73.8712,Van,10336,219.0,41.137,-77.4469,913.0,366,2023-11-17T10:58:42,Load
38.5562,-75.5708,Flatbed,10014,287.0,41.3132,-72.9297,525.0,367,2023-11-17T10:59:16,Load
Reefer,Long,34.50947570800781,-81.85775756835938,379,2023-11-17T11:04:08,236,Truck
Reefer,Short,41.06410217285156,-77.39766693115234,380,2023-11-17T11:04:44,275,Truck
Van,Long,39.78116607666016,-75.36611938476562,381,2023-11-17T11:04:48,200,Truck
Flatbed,Short,42.63833236694336,-83.1934585571289,382,2023-11-17T11:04:49,295,Truck
38.6533,-94.3488,Reefer,10131,967.0,42.8599,-78.8188,1700.0,383,2023-11-17T11:04:51,Load
Reefer,Short,41.24155807495117,-87.29566192626953,384,2023-11-17T11:05:06,346,Truck
Van,Short,34.46937942504883,-80.25801086425781,385,2023-11-17T11:05:10,228,Truck
Van,Long,35.34133529663086,-80.72744750976562,386,2023-11-17T11:05:37,100,Truck
Van,Short,39.24958419799805,-78.10665130615234,395,2023-11-17T11:07:46,162,Truck
Reefer,Long,42.86725616455078,-78.69705200195312,396,2023-11-17T11:07:51,328,Truck
Flatbed,Long,40.273223876953125,-77.0029525756836,397,2023-11-17T11:08:06,314,Truck
Reefer,Short,36.7719841003418,-76.36527252197266,398,2023-11-17T11:08:21,349,Truck
34.7009,-118.1596,Reefer,10352,2652.0,40.3315,-75.9291,3600.0,399,2023-11-17T11:09:11,Load
Flatbed,Long,41.7818489074707,-86.72136688232422,400,2023-11-17T11:09:16,152,Truck
44.2914,-93.2699,Reefer,10363,1291.0,42.8509,-72.5579,2100.0,401,2023-11-17T11:09:38,Load
39.1231,-93.1969,Reefer,10790,617.0,43.7144,-86.1245,1400.0,402,2023-11-17T11:09:39,Load
36.1513,-95.9948,Flatbed,10443,871.0,41.6429,-83.5102,2150.0,411,2023-11-17T11:11:06,Load
Van,Short,33.56953430175781,-83.51747131347656,412,2023-11-17T11:11:27,179,Truck
Van,Short,33.648155212402344,-84.31439208984375,413,2023-11-17T11:11:38,286,Truck
Flatbed,Long,36.0744514465332,-83.37796020507812,414,2023-11-17T11:12:51,189,Truck
Reefer,Short,41.105899810791016,-81.10039520263672,415,2023-11-17T11:13:23,247,Truck
Flatbed,Short,33.865047454833984,-84.43949127197266,416,2023-11-17T11:13:47,311,Truck
Reefer,Long,41.39132690429688,-71.87474822998047,417,2023-11-17T11:13:51,325,Truck
Reefer,Long,40.66255187988281,-74.4224853515625,418,2023-11-17T11:14:01,249,Truck
40.0712,-74.8649,Reefer,10929,81.0,40.2332,-76.1372,513.86,419,2023-11-17T11:14:07,Load
Reefer,Short,43.00329208374024,-85.68846130371094,420,2023-11-17T11:14:07,235,Truck
33.3501,-111.8073,Flatbed,40017,1036.0,40.8031,-124.1596,2600.0,421,2023-11-17T11:14:08,Load
Van,Long,34.70903015136719,-85.5576400756836,431,2023-11-17T11:16:56,209,Truck
Flatbed,Short,40.2799186706543,-85.31295013427734,432,2023-11-17T11:17:12,157,Truck
33.0957,-80.3154,Van,10319,886.0,42.6366,-73.8557,1400.0,433,2023-11-17T11:17:36,Load
Flatbed,Short,37.79632568359375,-79.39674377441406,434,2023-11-17T11:17:41,359,Truck
Reefer,Long,39.64292907714844,-75.82488250732422,435,2023-11-17T11:17:47,172,Truck
39.5363,-83.4324,Reefer,10175,240.0,41.9403,-85.0005,1000.0,436,2023-11-17T11:17:53,Load
42.9709,-82.4274,Van,10084,378.0,40.3376,-79.8089,750.0,437,2023-11-17T11:17:53,Load
Flatbed,Long,42.40248107910156,-83.07222747802734,438,2023-11-17T11:17:53,299,Truck
Reefer,Short,33.0341682434082,-83.93955993652344,439,2023-11-17T11:18:14,232,Truck
Flatbed,Long,33.58525466918945,-84.63130950927734,440,2023-11-17T11:18:21,132,Truck
Van,Short,37.36374282836914,-77.33561706542969,448,2023-11-17T11:20:29,170,Truck
Flatbed,Long,39.62629318237305,-75.09102630615234,449,2023-11-17T11:20:33,378,Truck
Reefer,Long,39.99259948730469,-75.18628692626953,450,2023-11-17T11:20:37,318,Truck
Reefer,Long,40.14665603637695,-75.15287780761719,451,2023-11-17T11:20:50,150,Truck
38.7462,-85.3804,Flatbed,10119,327.0,42.3306,-83.0424,1000.0,452,2023-11-17T11:20:58,Load
Van,Long,40.40692138671875,-75.95045471191406,453,2023-11-17T11:21:01,321,Truck
Flatbed,Short,40.02922058105469,-75.02265167236328,454,2023-11-17T11:21:53,337,Truck
Reefer,Short,42.046573638916016,-72.58870697021484,455,2023-11-17T11:22:05,229,Truck
Van,Short,44.76346969604492,-68.95072174072266,465,2023-11-17T11:23:36,306,Truck
Reefer,Short,39.77057266235352,-75.34961700439453,466,2023-11-17T11:23:41,238,Truck
Van,Short,40.40234756469727,-74.45234680175781,467,2023-11-17T11:23:44,183,Truck
36.7264,-91.8549,Flatbed,10169,516.0,41.5757,-87.2,1575.0,468,2023-11-17T11:24:14,Load
25.7812,-80.1911,Van,10110,1428.0,42.9981,-78.1875,3230.0,469,2023-11-17T11:24:26,Load
40.6794,-75.6168,Reefer,10504,117.0,40.7488,-73.9931,776.0,470,2023-11-17T11:24:27,Load
Van,Long,36.48955154418945,-86.49188232421875,471,2023-11-17T11:24:34,255,Truck
Van,Short,40.8711051940918,-87.19229888916016,472,2023-11-17T11:26:03,122,Truck
Flatbed,Long,35.27427291870117,-81.1631088256836,481,2023-11-17T11:29:04,212,Truck
Reefer,Long,39.56927490234375,-84.26165008544922,482,2023-11-17T11:29:15,276,Truck
Reefer,Long,33.116886138916016,-83.21499633789062,483,2023-11-17T11:29:27,387,Truck
44.669,-93.6342,Flatbed,10173,728.0,37.9323,-87.8951,1260.0,484,2023-11-17T11:29:41,Load
Reefer,Long,42.30522918701172,-83.05323028564453,485,2023-11-17T11:30:10,115,Truck
Van,Long,40.38503646850586,-78.86605834960938,486,2023-11-17T11:30:48,158,Truck
Reefer,Long,41.29723358154297,-87.60310363769531,487,2023-11-17T11:31:14,169,Truck
38.7383,-82.9959,Flatbed,10606,329.0,41.9234,-85.5283,900.0,488,2023-11-17T11:31:42,Load
42.0414,-87.8878,Van,10907,313.0,38.3237,-86.1547,650.0,496,2023-11-17T11:33:07,Load
Van,Short,40.41294860839844,-80.07962799072266,497,2023-11-17T11:33:56,199,Truck
Flatbed,Long,42.27030563354492,-83.44133758544922,498,2023-11-17T11:34:17,246,Truck
Reefer,Long,39.30207061767578,-82.91455078125,499,2023-11-17T11:34:58,230,Truck
41.5277,-85.0759,Van,10114,39.0,41.0748,-85.1441,400.0,500,2023-11-17T11:35:05,Load
40.8856,-85.5011,Van,10356,598.0,39.05,-76.6576,760.0,501,2023-11-17T11:35:06,Load
35.2274,-80.8434,Van,10417,454.0,40.7963,-81.5229,1000.0,502,2023-11-17T11:35:06,Load
Reefer,Short,40.80605697631836,-87.1490707397461,503,2023-11-17T11:35:09,346,Truck
Flatbed,Long,37.67750930786133,-87.02840423583984,504,2023-11-17T11:35:09,147,Truck
28.5463,-81.3783,Van,10121,1162.0,42.7875,-86.1089,2551.0,505,2023-11-17T11:35:14,Load
Van,Long,40.4069938659668,-75.9505615234375,517,2023-11-17T11:37:54,321,Truck
Flatbed,Short,35.2414665222168,-81.31060028076172,518,2023-11-17T11:38:07,309,Truck
Van,Long,33.912567138671875,-84.2081069946289,519,2023-11-17T11:39:17,106,Truck
39.2977,-76.6176,Flatbed,10072,219.0,36.6944,-77.5389,650.0,520,2023-11-17T11:39:40,Load
Flatbed,Long,35.21833801269531,-77.50225830078125,521,2023-11-17T11:40:22,293,Truck
Flatbed,Long,35.26559829711914,-77.63399505615234,522,2023-11-17T11:40:22,293,Truck
Reefer,Short,42.22969818115234,-83.48548889160156,523,2023-11-17T11:40:47,225,Truck
Flatbed,Short,41.83512878417969,-83.67526245117188,524,2023-11-17T11:41:12,173,Truck
Flatbed,Short,39.95402145385742,-75.17716979980469,525,2023-11-17T11:41:39,372,Truck
Reefer,Short,32.551082611083984,-83.77240753173828,535,2023-11-17T11:46:36,231,Truck
37.0774,-94.509,Van,10876,1217.0,40.8541,-74.8291,1800.0,536,2023-11-17T11:46:39,Load
Van,Long,39.13373947143555,-76.76231384277344,537,2023-11-17T11:46:46,143,Truck
Van,Long,41.42826843261719,-85.0532455444336,538,2023-11-17T11:47:00,380,Truck
Van,Short,40.59796142578125,-75.52638244628906,539,2023-11-17T11:47:18,267,Truck
Reefer,Long,41.29170608520508,-72.44116973876953,540,2023-11-17T11:47:27,325,Truck
Van,Long,40.70096206665039,-74.13687896728516,541,2023-11-17T11:47:43,104,Truck
Reefer,Long,38.21745300292969,-85.41197204589844,542,2023-11-17T11:47:44,285,Truck
Flatbed,Short,32.94243621826172,-80.05464172363281,543,2023-11-17T11:47:46,273,Truck
Flatbed,Short,33.0047492980957,-79.87605285644531,544,2023-11-17T11:47:47,273,Truck
33.8558,-84.2118,Flatbed,10023,666.0,41.4298,-84.8714,1500.0,554,2023-11-17T11:49:17,Load
45.1437,-122.8555,Van,10210,2327.0,38.6625,-86.4629,3500.0,555,2023-11-17T11:49:54,Load
Reefer,Short,38.65168762207031,-76.8713607788086,556,2023-11-17T11:50:02,301,Truck
28.5846,-80.664,Flatbed,10693,1224.0,43.1437,-76.1275,2800.0,557,2023-11-17T11:50:32,Load
Flatbed,Long,38.40685272216797,-77.43060302734375,558,2023-11-17T11:50:35,352,Truck
Reefer,Short,42.241981506347656,-83.32875061035156,559,2023-11-17T11:50:48,225,Truck
Van,Long,40.88507080078125,-73.82371520996094,560,2023-11-17T11:51:00,251,Truck
Reefer,Long,39.93119430541992,-86.15520477294922,561,2023-11-17T11:51:39,148,Truck
Van,Short,40.113067626953125,-74.81612396240234,570,2023-11-17T11:53:49,183,Truck
Reefer,Long,35.90474319458008,-78.97013854980469,571,2023-11-17T11:54:14,302,Truck
Flatbed,Long,42.1962776184082,-86.04437255859375,572,2023-11-17T11:54:23,152,Truck
Flatbed,Long,41.35222244262695,-74.73029327392578,573,2023-11-17T11:54:34,303,Truck
Van,Short,41.02463912963867,-76.0789566040039,574,2023-11-17T11:55:26,339,Truck
Van,Long,35.238853454589844,-80.85318756103516,575,2023-11-17T11:55:33,392,Truck
Reefer,Short,39.93669509887695,-76.6825180053711,576,2023-11-17T11:55:56,220,Truck
Van,Long,36.04174041748047,-83.99711608886719,577,2023-11-17T11:56:13,261,Truck
35.4428,-84.593,Reefer,10285,579.0,40.2015,-77.1889,1150.0,578,2023-11-17T11:56:41,Load
Flatbed,Long,41.6321907043457,-87.10533142089844,579,2023-11-17T11:56:41,297,Truck
37.6916,-85.8597,Van,10973,130.0,37.8457,-83.8586,600.0,590,2023-11-17T11:57:36,Load
Flatbed,Short,32.1098747253418,-81.19548797607422,591,2023-11-17T11:57:47,375,Truck
Flatbed,Short,35.10171127319336,-85.73870849609375,592,2023-11-17T11:57:55,242,Truck
38.2543,-85.7593,Flatbed,10044,486.0,44.1936,-85.2133,850.0,593,2023-11-17T11:57:59,Load
Flatbed,Long,34.22886657714844,-79.80055236816406,594,2023-11-17T11:58:25,192,Truck
Reefer,Short,36.76055145263672,-76.2308349609375,595,2023-11-17T11:58:46,288,Truck
Van,Long,35.21246719360352,-80.8707504272461,596,2023-11-17T11:58:56,392,Truck
42.8808,-87.8832,Reefer,10942,319.0,43.9594,-86.4458,900.0,608,2023-11-17T12:01:16,Load
Reefer,Long,33.87971878051758,-84.2719497680664,609,2023-11-17T12:01:22,322,Truck
Flatbed,Long,31.264911651611328,-83.67796325683594,610,2023-11-17T12:01:22,256,Truck
34.0236,-117.9603,Reefer,10434,2175.0,42.9651,-85.6723,2991.0,611,2023-11-17T12:02:03,Load
36.9303,-86.8875,Van,10321,883.0,40.7884,-74.1332,120.0,612,2023-11-17T12:02:19,Load
42.0414,-87.8878,Flatbed,10991,443.0,41.2009,-80.4978,950.0,613,2023-11-17T12:03:00,Load
37.5483,-77.4459,Van,10142,304.0,40.6026,-75.4655,700.0,614,2023-11-17T12:03:32,Load
Flatbed,Short,40.59463119506836,-73.99732208251953,615,2023-11-17T12:03:40,135,Truck
Van,Short,40.071815490722656,-74.95574951171875,616,2023-11-17T12:03:50,183,Truck
32.757,-97.3286,Flatbed,40005,256.0,30.3414,-95.0907,660.09,617,2023-11-17T12:04:02,Load
Reefer,Short,32.56021499633789,-83.93899536132812,629,2023-11-17T12:07:57,231,Truck
37.2747,-76.7067,Van,10309,656.0,40.3753,-85.2094,1600.0,630,2023-11-17T12:08:08,Load
39.28,-94.73,Van,40010,515.0,32.69,-96.83,650.0,631,2023-11-17T12:08:28,Load
41.4596,-88.2709,Van,10029,364.0,36.8663,-87.4892,575.0,632,2023-11-17T12:08:59,Load
41.2384,-81.7451,Van,10916,217.0,43.0192,-78.8804,650.0,633,2023-11-17T12:09:14,Load
Reefer,Short,39.358917236328125,-84.26215362548828,634,2023-11-17T12:09:18,338,Truck
40.6638,-74.2108,Van,10544,166.0,41.0183,-76.8541,650.75,635,2023-11-17T12:09:52,Load
43.6319,-70.2621,Van,10027,472.0,39.5078,-76.1701,1392.7,636,2023-11-17T12:09:53,Load
Flatbed,Short,42.70550155639648,-83.29827117919922,637,2023-11-17T12:10:03,295,Truck
44.0,-92.48,Reefer,10678,507.0,40.04,-86.89,900.0,638,2023-11-17T12:10:31,Load
Van,Long,32.31666946411133,-80.95763397216797,648,2023-11-17T12:13:13,136,Truck
42.1832,-71.2146,Flatbed,10054,209.0,40.8043,-74.0121,950.0,649,2023-11-17T12:13:16,Load
Flatbed,Short,39.92369842529297,-86.2369613647461,650,2023-11-17T12:13:55,134,Truck
41.07,-85.0379,Van,10214,613.0,39.9536,-75.1684,1000.0,651,2023-11-17T12:14:26,Load
Van,Long,35.81549072265625,-83.98173522949219,652,2023-11-17T12:16:16,261,Truck
Flatbed,Long,46.62071990966797,-67.8997573852539,653,2023-11-17T12:16:17,203,Truck
Reefer,Long,40.28933334350586,-86.12706756591797,654,2023-11-17T12:16:41,148,Truck
Van,Short,38.37860870361328,-85.67584228515625,655,2023-11-17T12:16:45,124,Truck
Reefer,Short,40.090179443359375,-82.90721130371094,666,2023-11-17T12:20:41,402,Truck
35.01,-81.8,Van,10204,589.0,39.87,-75.44,900.0,667,2023-11-17T12:20:55,Load
42.8808,-87.8832,Van,10921,274.0,40.592,-84.9572,700.0,668,2023-11-17T12:20:57,Load
Reefer,Long,45.53823471069336,-73.791748046875,669,2023-11-17T12:22:29,405,Truck
40.768,-73.1089,Reefer,10205,210.0,40.3397,-76.4235,900.0,670,2023-11-17T12:22:45,Load
41.4509,-82.7062,Van,11053,382.0,38.9122,-78.1942,700.0,671,2023-11-17T12:23:55,Load
44.8046,-68.7746,Van,10257,531.0,41.5387,-75.9466,1118.61,672,2023-11-17T12:23:55,Load
40.3468,-74.4425,Van,10286,322.0,40.1701,-79.5981,800.0,673,2023-11-17T12:23:55,Load
33.4,-84.12,Reefer,11010,480.0,38.91,-84.61,1450.0,674,2023-11-17T12:23:56,Load
39.9502,-77.6639,Reefer,10298,253.0,41.7106,-74.5743,700.0,675,2023-11-17T12:23:56,Load
Flatbed,Long,41.73317337036133,-77.07445526123047,686,2023-11-17T12:27:44,206,Truck
44.0938,-91.7496,Flatbed,10185,387.0,46.281,-87.441,850.0,687,2023-11-17T12:27:54,Load
34.3777,-84.9331,Van,10364,567.0,40.7453,-86.7647,1500.0,688,2023-11-17T12:28:37,Load
Reefer,Short,39.14202117919922,-84.48308563232422,689,2023-11-17T12:29:21,338,Truck
Flatbed,Long,39.06673431396485,-78.96929168701172,690,2023-11-17T12:29:36,324,Truck
Flatbed,Long,36.26665878295898,-83.10564422607422,691,2023-11-17T12:29:48,189,Truck
29.9561,-90.0773,Van,10243,1266.0,40.5168,-74.3051,2000.0,692,2023-11-17T12:30:06,Load
Flatbed,Short,39.95752334594727,-74.92063903808594,693,2023-11-17T12:30:44,395,Truck
Reefer,Short,39.908180236816406,-83.09762573242188,694,2023-11-17T12:30:47,233,Truck
Reefer,Long,40.19685363769531,-76.98844146728516,695,2023-11-17T12:31:28,239,Truck
Van,Long,37.31393814086914,-79.45832061767578,704,2023-11-17T12:33:07,254,Truck
Flatbed,Long,34.219215393066406,-80.61237335205078,705,2023-11-17T12:33:28,192,Truck
Flatbed,Short,38.67659378051758,-84.99414825439453,706,2023-11-17T12:33:32,312,Truck
Flatbed,Long,35.03849029541016,-80.8384017944336,707,2023-11-17T12:33:40,388,Truck
Reefer,Short,41.92539596557617,-71.32707214355469,708,2023-11-17T12:33:50,366,Truck
37.7586,-77.472,Van,10211,450.0,41.4944,-81.6856,1100.0,709,2023-11-17T12:33:57,Load
Reefer,Long,42.30064392089844,-82.99281311035156,710,2023-11-17T12:33:59,115,Truck
27.4429,-80.3345,Reefer,40009,2749.0,36.7081,-119.5585,7100.0,722,2023-11-17T12:37:19,Load
35.3853,-94.4173,Flatbed,10226,613.0,39.7625,-87.2292,1045.0,723,2023-11-17T12:37:29,Load
Van,Long,34.93019104003906,-78.85633087158203,724,2023-11-17T12:37:57,119,Truck
Flatbed,Long,35.60898971557617,-80.52027130126953,725,2023-11-17T12:37:58,289,Truck
Reefer,Long,38.81339263916016,-77.59599304199219,726,2023-11-17T12:38:04,125,Truck
41.2931,-84.7619,Van,10751,172.0,39.3302,-84.4039,400.0,727,2023-11-17T12:38:19,Load
34.0634,-118.2491,Reefer,10178,2140.0,38.9989,-84.6267,3000.0,728,2023-11-17T12:38:22,Load
Van,Short,41.53268051147461,-73.03767395019531,739,2023-11-17T12:41:43,278,Truck
Van,Short,41.04819869995117,-76.9167709350586,740,2023-11-17T12:41:44,339,Truck
29.7633,-95.3634,Flatbed,10667,956.0,38.3487,-85.7,2020.0,741,2023-11-17T12:41:48,Load
38.139,-78.1882,Van,10350,173.0,40.1731,-77.3986,475.0,742,2023-11-17T12:42:43,Load
Van,Short,40.37294387817383,-75.20500183105469,743,2023-11-17T12:42:43,130,Truck
Reefer,Short,40.34453201293945,-75.93032836914062,744,2023-11-17T12:43:00,156,Truck
Reefer,Short,41.473594665527344,-83.33138275146484,745,2023-11-17T12:43:23,393,Truck
Flatbed,Short,38.18102264404297,-84.53047943115234,746,2023-11-17T12:43:46,211,Truck
Flatbed,Long,41.52937698364258,-73.91790008544922,747,2023-11-17T12:44:10,303,Truck
Reefer,Long,42.30132293701172,-83.06394958496094,756,2023-11-17T12:46:57,390,Truck
Reefer,Long,41.73066329956055,-83.48831939697266,757,2023-11-17T12:47:07,204,Truck
Reefer,Long,41.10006332397461,-73.43338012695312,758,2023-11-17T12:47:14,325,Truck
Van,Long,37.36594772338867,-79.69023895263672,759,2023-11-17T12:48:11,254,Truck
Van,Long,40.33675384521485,-79.90737915039062,760,2023-11-17T12:48:18,186,Truck
45.1219,-95.0433,Van,10193,817.0,39.8735,-83.0727,1268.0,761,2023-11-17T12:49:11,Load
Flatbed,Short,36.27571487426758,-79.9430923461914,762,2023-11-17T12:49:46,358,Truck
Reefer,Short,40.01533126831055,-83.68486785888672,763,2023-11-17T12:50:03,214,Truck
Van,Short,42.27581787109375,-83.67638397216797,773,2023-11-17T12:54:32,191,Truck
Reefer,Long,40.23252868652344,-76.326904296875,774,2023-11-17T12:54:34,150,Truck
Flatbed,Short,40.16948699951172,-86.5484390258789,775,2023-11-17T12:54:51,353,Truck
Reefer,Short,41.86759185791016,-87.86286163330078,776,2023-11-17T12:55:03,218,Truck
37.2706,-79.9417,Van,10053,502.0,40.7533,-73.4918,1150.0,777,2023-11-17T12:55:45,Load
Reefer,Long,38.17560958862305,-85.06060791015625,778,2023-11-17T12:57:00,285,Truck
Reefer,Short,35.818931579589844,-78.74201202392578,779,2023-11-17T12:57:35,406,Truck
Van,Short,32.80754089355469,-81.25164031982422,780,2023-11-17T12:57:35,128,Truck
Van,Long,34.04867172241211,-84.02825164794922,781,2023-11-17T12:57:37,106,Truck
33.4347,-112.2774,Reefer,10656,2336.0,40.0393,-76.4308,3500.0,782,2023-11-17T12:57:52,Load
35.3888,-82.5666,Reefer,10513,618.0,39.9353,-75.0827,1250.0,783,2023-11-17T12:57:53,Load
40.4925,-87.0963,Flatbed,10030,512.0,42.8177,-78.8194,877.5,792,2023-11-17T12:59:56,Load
Flatbed,Long,40.10438537597656,-76.4255599975586,793,2023-11-17T13:00:01,317,Truck
Van,Short,38.10361099243164,-87.55413055419922,794,2023-11-17T13:00:35,351,Truck
Flatbed,Long,34.97641372680664,-78.9795150756836,795,2023-11-17T13:01:27,367,Truck
Flatbed,Short,33.384620666503906,-84.75624084472656,796,2023-11-17T13:02:01,348,Truck
43.0511,-76.1524,Van,10025,246.0,43.649,-72.3193,500.0,797,2023-11-17T13:02:13,Load
Reefer,Short,38.6141357421875,-76.61248016357422,798,2023-11-17T13:02:36,301,Truck
Van,Short,41.06681823730469,-85.1332015991211,799,2023-11-17T13:02:43,263,Truck
Reefer,Long,42.045997619628906,-82.91759490966797,809,2023-11-17T13:04:44,284,Truck
39.3459,-84.5605,Van,10633,255.0,41.5963,-87.3032,750.0,810,2023-11-17T13:05:15,Load
35.1595,-84.8766,Reefer,10586,341.0,39.3459,-84.5605,780.78,811,2023-11-17T13:05:26,Load
30.763,-98.223,Flatbed,40014,1361.0,47.4803,-94.8793,1950.0,812,2023-11-17T13:05:47,Load
Van,Long,40.28038024902344,-79.93363952636719,813,2023-11-17T13:06:20,186,Truck
31.848,-102.367,Van,10160,1482.0,39.9698,-81.5365,1400.0,814,2023-11-17T13:06:37,Load
Flatbed,Short,41.04727935791016,-81.7068099975586,815,2023-11-17T13:06:47,245,Truck
Van,Short,38.67632675170898,-84.98590850830078,816,2023-11-17T13:06:50,124,Truck
Reefer,Short,41.75873947143555,-72.66448211669922,817,2023-11-17T13:07:13,111,Truck
Flatbed,Short,40.38850402832031,-86.79043579101562,818,2023-11-17T13:07:53,113,Truck
29.5572,-95.8086,Van,10959,1145.0,40.739,-85.1723,2300.0,829,2023-11-17T13:10:53,Load
44.9746,-93.268,Flatbed,10436,615.0,45.0614,-83.4319,1525.0,830,2023-11-17T13:10:55,Load
32.7379,-96.2761,Reefer,11025,1452.0,39.8685,-75.0952,2300.0,831,2023-11-17T13:11:23,Load
43.0386,-87.9067,Van,10771,571.0,40.125,-79.8665,1000.0,832,2023-11-17T13:11:51,Load
29.18,-82.17,Van,10734,1150.0,42.85,-78.81,2600.0,843,2023-11-17T13:15:19,Load
Van,Long,40.19604110717773,-79.99462890625,844,2023-11-17T13:15:21,186,Truck
Flatbed,Short,42.7207260131836,-83.4189453125,845,2023-11-17T13:15:27,295,Truck
Reefer,Short,40.26934051513672,-83.50511169433594,846,2023-11-17T13:15:51,233,Truck
Flatbed,Long,41.86685943603516,-87.69414520263672,847,2023-11-17T13:15:53,291,Truck
41.85,-72.64,Van,10252,321.0,39.82,-76.96,1000.0,848,2023-11-17T13:15:59,Load
Flatbed,Long,35.27278137207031,-81.49685668945312,849,2023-11-17T13:16:52,212,Truck
Flatbed,Long,39.3604621887207,-77.39743041992188,858,2023-11-17T13:19:25,386,Truck
40.7358,-74.1743,Flatbed,10042,427.0,38.994,-80.232,1600.0,859,2023-11-17T13:19:39,Load
Flatbed,Short,40.58156967163086,-75.36613464355469,860,2023-11-17T13:20:16,196,Truck
Reefer,Long,41.22664642333984,-83.653076171875,861,2023-11-17T13:20:28,276,Truck
Van,Long,39.69218063354492,-86.22322845458984,869,2023-11-17T13:22:14,403,Truck
Van,Long,36.0750732421875,-79.19112396240234,870,2023-11-17T13:22:20,398,Truck
Flatbed,Long,36.12174224853516,-78.74510955810547,871,2023-11-17T13:22:49,224,Truck
Van,Long,37.15489959716797,-84.11282348632812,872,2023-11-17T13:23:39,362,Truck
Flatbed,Short,40.60635757446289,-74.27568817138672,873,2023-11-17T13:24:40,135,Truck
Flatbed,Short,40.6068229675293,-74.27533721923828,874,2023-11-17T13:24:40,135,Truck
Flatbed,Short,42.58842468261719,-79.0547866821289,886,2023-11-17T13:28:17,397,Truck
38.9122,-78.1942,Van,11040,499.0,37.092,-84.606,1100.0,887,2023-11-17T13:29:12,Load
41.518,-95.4393,Van,10148,1195.0,40.869,-74.1615,1725.0,888,2023-11-17T13:30:32,Load
Flatbed,Long,40.33950424194336,-76.90444946289062,889,2023-11-17T13:31:06,317,Truck
Flatbed,Long,39.517086029052734,-77.59656524658203,898,2023-11-17T13:34:26,386,Truck
Reefer,Short,40.19388198852539,-74.68119049072266,899,2023-11-17T13:34:26,184,Truck
Reefer,Short,39.64375686645508,-84.16362762451172,900,2023-11-17T13:35:08,214,Truck
39.95,-76.7167,Reefer,10699,86.0,40.5667,-75.6167,500.0,901,2023-11-17T13:35:17,Load
Reefer,Long,43.6312141418457,-79.55796813964844,902,2023-11-17T13:35:31,174,Truck
Van,Short,40.00268173217773,-81.14075469970703,914,2023-11-17T13:39:29,199,Truck
Van,Long,35.554954528808594,-82.70150756835938,915,2023-11-17T13:39:33,126,Truck
Van,Short,41.053321838378906,-73.52906799316406,925,2023-11-17T13:42:45,278,Truck
Flatbed,Long,36.031192779541016,-79.81765747070312,926,2023-11-17T13:42:47,345,Truck
Reefer,Long,35.60495376586914,-80.52495574951172,927,2023-11-17T13:42:54,167,Truck
Van,Long,34.45425796508789,-78.4059066772461,928,2023-11-17T13:42:57,119,Truck
Flatbed,Long,33.4907112121582,-80.8505859375,939,2023-11-17T13:44:56,222,Truck
Van,Short,41.01890182495117,-73.63101196289062,940,2023-11-17T13:45:23,278,Truck
32.7833,-96.8,Van,10395,1516.0,40.3667,-74.5,2350.0,941,2023-11-17T13:45:45,Load
Flatbed,Long,36.225284576416016,-83.04232025146484,950,2023-11-17T13:47:12,223,Truck
Reefer,Short,38.6299057006836,-76.87425231933594,951,2023-11-17T13:47:42,301,Truck
39.7904,-77.7278,Van,10560,525.0,41.8412,-85.6686,1325.0,952,2023-11-17T13:47:57,Load
Flatbed,Long,39.9793701171875,-76.7085952758789,953,2023-11-17T13:48:38,315,Truck
42.5544,-71.3141,Flatbed,10713,340.0,39.7446,-75.5462,1045.0,954,2023-11-17T13:48:46,Load
44.5119,-88.0121,Van,10271,1067.0,41.577,-73.4085,1250.0,964,2023-11-17T13:53:40,Load
40.2015,-77.1889,Van,10323,233.0,39.9492,-80.7543,700.0,965,2023-11-17T13:53:40,Load
40.4405,-79.9961,Van,10465,353.0,40.7959,-74.3255,665.0,974,2023-11-17T13:54:39,Load
Van,Long,38.46096420288086,-78.82550811767578,983,2023-11-17T13:57:29,110,Truck
Van,Short,35.001861572265625,-80.73196411132812,984,2023-11-17T13:57:50,228,Truck
Flatbed,Long,41.721923828125,-86.29882049560547,985,2023-11-17T13:57:51,385,Truck
29.7633,-95.3634,Reefer,40025,1114.0,31.3467,-110.9332,1250.0,986,2023-11-17T13:58:29,Load
36.1224,-78.6861,Van,10088,474.0,38.2098,-84.5588,1000.0,996,2023-11-17T14:02:56,Load
Reefer,Long,42.80870819091797,-73.54227447509766,997,2023-11-17T14:02:56,296,Truck
Reefer,Long,39.66980743408203,-86.36707305908203,998,2023-11-17T14:02:59,169,Truck
Reefer,Short,40.16344833374024,-83.24308776855469,999,2023-11-17T14:03:04,343,Truck
33.53,-84.64,Van,10630,704.0,40.0,-79.05,1500.0,1010,2023-11-17T14:06:11,Load
40.483,-85.6161,Van,10918,553.0,39.9795,-77.2228,950.0,1011,2023-11-17T14:06:11,Load
41.6621,-87.7378,Van,10003,250.0,41.9573,-83.6597,500.0,1012,2023-11-17T14:06:12,Load
Reefer,Short,40.15558242797852,-77.29849243164062,1023,2023-11-17T14:11:51,120,Truck
Van,Long,40.75687789916992,-73.54759979248047,1024,2023-11-17T14:11:52,422,Truck
Reefer,Short,40.34029769897461,-75.94733428955078,1025,2023-11-17T14:11:56,220,Truck
Reefer,Short,41.13028717041016,-75.9632339477539,1026,2023-11-17T14:12:10,166,Truck
Flatbed,Long,43.1689567565918,-73.71446990966797,1027,2023-11-17T14:12:42,190,Truck
36.1768,-82.9968,Van,10526,369.0,37.3578,-77.442,600.0,1037,2023-11-17T14:14:53,Load
Reefer,Long,41.25171661376953,-84.47587585449219,1038,2023-11-17T14:15:07,281,Truck
Van,Short,41.970890045166016,-71.63770294189453,1039,2023-11-17T14:15:14,329,Truck
39.9536,-75.1684,Reefer,10351,339.0,43.2464,-78.1945,1200.0,1050,2023-11-17T14:16:54,Load
42.0889,-83.2885,Van,10086,426.0,42.4407,-76.4968,700.0,1051,2023-11-17T14:16:54,Load
40.1052,-83.2689,Van,10073,26.0,40.0194,-82.8782,350.0,1052,2023-11-17T14:16:55,Load
43.0639,-85.9348,Flatbed,10272,931.0,44.9524,-69.8598,1680.0,1053,2023-11-17T14:16:55,Load
Van,Short,33.6093635559082,-84.3224868774414,1063,2023-11-17T14:18:06,419,Truck
Flatbed,Short,35.54534149169922,-84.56539154052734,1064,2023-11-17T14:18:07,151,Truck
32.7401,-97.3104,Reefer,10963,1006.0,41.1573,-85.4883,2200.0,1065,2023-11-17T14:18:21,Load
39.9873,-90.7635,Van,10209,1029.0,41.0006,-73.6649,1500.0,1074,2023-11-17T14:20:33,Load
Reefer,Long,42.09482192993164,-83.2370834350586,1075,2023-11-17T14:20:35,276,Truck
Reefer,Long,41.618263244628906,-84.6081314086914,1076,2023-11-17T14:21:06,188,Truck
40.7358,-74.1743,Van,10188,250.0,43.1593,-76.3217,825.0,1077,2023-11-17T14:21:28,Load
43.7019,-98.0292,Reefer,10549,932.0,39.9553,-84.1702,1850.0,1078,2023-11-17T14:21:28,Load
40.4523,-85.373,Van,10571,191.0,42.1149,-83.307,451.0,1079,2023-11-17T14:21:33,Load
Van,Long,34.26154708862305,-83.45115661621094,1080,2023-11-17T14:21:35,106,Truck
40.7696,-73.8624,Van,10985,119.0,39.835,-75.3873,730.4,1081,2023-11-17T14:21:45,Load
Reefer,Short,40.22230911254883,-77.14405059814453,1082,2023-11-17T14:21:51,120,Truck
Van,Short,41.07651901245117,-75.55494689941406,1083,2023-11-17T14:22:01,369,Truck
Van,Long,35.6579704284668,-84.1167221069336,1084,2023-11-17T14:22:18,261,Truck
Reefer,Long,40.037559509277344,-77.99346923828125,1094,2023-11-17T14:24:42,150,Truck
40.1165,-74.8039,Van,10930,43.0,40.5311,-74.5628,300.0,1095,2023-11-17T14:24:51,Load
Reefer,Short,38.674903869628906,-85.78575897216797,1096,2023-11-17T14:25:30,346,Truck
38.91,-76.88,Reefer,10523,430.0,42.56,-71.58,900.0,1097,2023-11-17T14:25:48,Load
Flatbed,Long,33.607757568359375,-81.84404754638672,1098,2023-11-17T14:25:58,192,Truck
Flatbed,Long,40.541236877441406,-74.61203002929688,1099,2023-11-17T14:26:51,350,Truck
Reefer,Short,40.23443222045898,-77.12089538574219,1100,2023-11-17T14:26:52,120,Truck
39.9502,-77.6639,Flatbed,10018,168.0,40.0115,-75.0149,800.0,1101,2023-11-17T14:26:59,Load
32.7793,-91.9179,Flatbed,40008,95.0,32.3511,-90.8841,425.0,1102,2023-11-17T14:26:59,Load
Van,Short,39.93896484375,-83.09300231933594,1103,2023-11-17T14:27:09,108,Truck
Van,Short,43.27236175537109,-85.54151916503906,1104,2023-11-17T14:27:15,182,Truck
Reefer,Short,36.06300735473633,-79.4192123413086,1112,2023-11-17T14:29:22,363,Truck
Reefer,Short,38.65243148803711,-76.86770629882812,1113,2023-11-17T14:29:29,301,Truck
Flatbed,Long,40.06475067138672,-75.60124969482422,1114,2023-11-17T14:29:35,384,Truck
Reefer,Long,40.05694580078125,-78.08173370361328,1115,2023-11-17T14:29:42,150,Truck
40.7222,-73.4243,Van,10159,150.0,39.7476,-75.3105,400.0,1116,2023-11-17T14:30:00,Load
Reefer,Short,38.0825080871582,-85.88065338134766,1117,2023-11-17T14:30:07,141,Truck
Reefer,Short,40.09905624389648,-83.16252136230469,1118,2023-11-17T14:30:22,233,Truck
40.4745,-76.2913,Van,10138,154.0,40.5088,-78.3998,500.0,1119,2023-11-17T14:30:26,Load
Reefer,Short,41.18944549560547,-79.85651397705078,1127,2023-11-17T14:32:57,247,Truck
Van,Short,33.62606430053711,-84.29913330078125,1136,2023-11-17T14:34:17,419,Truck
32.3136,-90.1277,Reefer,10777,960.0,42.4721,-83.2828,2600.0,1137,2023-11-17T14:34:28,Load
42.6952,-87.908,Van,10228,960.0,41.9769,-72.5916,1300.0,1138,2023-11-17T14:34:28,Load
Flatbed,Long,41.19437789916992,-81.47930908203125,1139,2023-11-17T14:34:28,354,Truck
41.5251,-88.082,Van,10500,188.0,42.9099,-85.5879,500.0,1140,2023-11-17T14:34:33,Load
Reefer,Short,35.90212631225586,-78.787353515625,1141,2023-11-17T14:34:50,406,Truck
Flatbed,Long,39.013614654541016,-78.35978698730469,1153,2023-11-17T14:37:28,155,Truck
Van,Short,35.756160736083984,-86.34847259521484,1154,2023-11-17T14:37:30,121,Truck
37.5483,-77.4459,Van,11056,410.0,42.3806,-76.8733,1100.0,1164,2023-11-17T14:38:24,Load
Flatbed,Long,36.51384353637695,-79.72235870361328,1165,2023-11-17T14:38:35,289,Truck
38.4453,-86.8044,Flatbed,10118,146.0,39.5223,-85.7731,500.0,1166,2023-11-17T14:39:11,Load
36.8901,-82.2796,Van,10113,373.0,40.9538,-83.3744,750.0,1167,2023-11-17T14:39:20,Load
Flatbed,Long,41.12861633300781,-81.48301696777344,1168,2023-11-17T14:39:29,354,Truck
42.1167,-80.0826,Reefer,10651,133.0,40.5038,-79.8395,500.0,1169,2023-11-17T14:40:04,Load
Reefer,Long,43.79183197021485,-79.74018096923828,1181,2023-11-17T14:42:48,174,Truck
Van,Short,40.11540222167969,-80.4681625366211,1191,2023-11-17T14:44:36,199,Truck
41.3935,-81.4441,Flatbed,10647,307.0,38.3307,-80.6532,950.0,1192,2023-11-17T14:44:56,Load
Van,Long,36.37638473510742,-84.24969482421875,1193,2023-11-17T14:45:33,362,Truck
Flatbed,Long,41.80131530761719,-86.26856231689453,1194,2023-11-17T14:45:49,385,Truck
Van,Long,45.6872444152832,-71.48515319824219,1195,2023-11-17T14:45:56,210,Truck
Van,Long,37.97190475463867,-79.50788116455078,1196,2023-11-17T14:46:27,254,Truck
Van,Short,32.7540283203125,-81.31719970703125,1197,2023-11-17T14:47:10,128,Truck
Van,Long,35.9962272644043,-83.89444732666016,1207,2023-11-17T14:49:21,209,Truck
Flatbed,Long,41.0052604675293,-81.49425506591797,1208,2023-11-17T14:49:31,354,Truck
Van,Long,34.75648498535156,-84.9195327758789,1219,2023-11-17T14:53:58,253,Truck
Flatbed,Long,41.67045211791992,-72.82366180419922,1220,2023-11-17T14:55:20,303,Truck
Van,Short,40.97025680541992,-83.7401351928711,1221,2023-11-17T14:55:40,191,Truck
Flatbed,Short,40.608516693115234,-75.47737121582031,1222,2023-11-17T14:56:54,196,Truck
Flatbed,Short,39.90691375732422,-82.8246078491211,1223,2023-11-17T14:57:18,280,Truck
Reefer,Long,42.89836883544922,-74.46418762207031,1224,2023-11-17T14:58:00,296,Truck
Reefer,Short,41.51417541503906,-83.62208557128906,1234,2023-11-17T15:02:03,265,Truck
Van,Short,40.17887878417969,-74.62773132324219,1235,2023-11-17T15:02:20,183,Truck
Flatbed,Short,42.82997512817383,-70.99372100830078,1248,2023-11-17T15:07:54,112,Truck
Flatbed,Short,41.71839141845703,-86.90518188476562,1249,2023-11-17T15:08:18,164,Truck
Flatbed,Long,40.08907318115234,-77.84337615966797,1250,2023-11-17T15:08:49,314,Truck
Van,Short,44.21774673461914,-72.56011962890625,1251,2023-11-17T15:08:49,274,Truck
34.9711,-78.9463,Van,10372,637.0,42.1167,-80.0826,1600.0,1252,2023-11-17T15:09:16,Load
Reefer,Short,38.17268753051758,-85.80436706542969,1253,2023-11-17T15:10:35,141,Truck
41.7108,-88.0687,Reefer,10103,880.0,41.4026,-75.6633,1300.0,1264,2023-11-17T15:13:41,Load
Flatbed,Short,41.12601089477539,-85.3300552368164,1273,2023-11-17T15:15:15,213,Truck
Reefer,Short,39.94150161743164,-83.52462005615234,1274,2023-11-17T15:15:36,343,Truck
Flatbed,Long,41.78779983520508,-72.56417846679688,1275,2023-11-17T15:15:48,303,Truck
Flatbed,Short,31.274282455444336,-84.52908325195312,1276,2023-11-17T15:15:53,129,Truck
Flatbed,Long,33.91266632080078,-84.36570739746094,1277,2023-11-17T15:16:10,159,Truck
Van,Short,40.00360107421875,-76.09872436523438,1278,2023-11-17T15:16:38,272,Truck
Van,Long,40.079078674316406,-77.19346618652344,1279,2023-11-17T15:17:16,140,Truck
Reefer,Short,42.14887237548828,-72.728271484375,1280,2023-11-17T15:17:19,229,Truck
Van,Short,40.37768173217773,-74.46166229248047,1281,2023-11-17T15:17:38,183,Truck
Van,Long,35.98655319213867,-83.90865325927734,1282,2023-11-17T15:17:47,226,Truck
Reefer,Long,33.862945556640625,-81.39154052734375,1283,2023-11-17T15:17:56,145,Truck
Flatbed,Long,40.22734069824219,-76.49961853027344,1307,2023-11-17T15:26:18,384,Truck
Flatbed,Long,39.3148193359375,-85.23086547851562,1308,2023-11-17T15:26:46,205,Truck
Flatbed,Long,33.40092849731445,-82.0073471069336,1309,2023-11-17T15:27:12,327,Truck
Flatbed,Short,35.903839111328125,-83.8384780883789,1310,2023-11-17T15:27:12,151,Truck
41.7671,-88.1883,Van,10233,813.0,40.5173,-74.4068,837.0,1311,2023-11-17T15:27:18,Load
Reefer,Short,41.74869918823242,-86.42195129394531,1312,2023-11-17T15:27:23,393,Truck
Flatbed,Short,40.61172103881836,-75.4740219116211,1313,2023-11-17T15:27:47,196,Truck
Reefer,Long,36.18390274047852,-86.7983627319336,1314,2023-11-17T15:27:48,335,Truck
Flatbed,Long,41.1484260559082,-80.69952392578125,1315,2023-11-17T15:27:54,299,Truck
41.6261,-71.4545,Van,10245,367.0,40.2142,-77.0091,1100.0,1335,2023-11-17T15:33:14,Load
33.39,-84.59,Van,10517,727.0,40.2,-77.18,1000.0,1336,2023-11-17T15:33:16,Load
33.9719,-87.923,Flatbed,10308,918.0,40.1798,-76.1788,1656.0,1337,2023-11-17T15:33:16,Load
29.18,-82.17,Van,10770,1009.0,40.34,-74.44,2100.0,1338,2023-11-17T15:33:59,Load
Reefer,Long,33.304500579833984,-80.53418731689453,1339,2023-11-17T15:34:15,316,Truck
Flatbed,Long,42.49047088623047,-73.80416107177734,1340,2023-11-17T15:34:33,364,Truck
Reefer,Short,40.130767822265625,-82.97160339355469,1341,2023-11-17T15:34:34,292,Truck
Flatbed,Long,33.96881484985352,-83.82543182373047,1342,2023-11-17T15:34:39,424,Truck
Van,Long,40.35753631591797,-75.98051452636719,1350,2023-11-17T15:36:57,321,Truck
33.6118,-86.6737,Van,10035,582.0,39.9617,-82.4913,1100.0,1361,2023-11-17T15:39:36,Load
41.9573,-83.6597,Van,10358,328.0,42.8983,-78.6619,712.8,1362,2023-11-17T15:40:35,Load
Van,Short,35.24797439575195,-82.25733184814453,1363,2023-11-17T15:41:30,340,Truck
Van,Long,45.389530181884766,-71.75199127197266,1364,2023-11-17T15:41:35,210,Truck
Van,Long,34.18925857543945,-77.9507064819336,1365,2023-11-17T15:41:44,119,Truck
43.0837,-76.324,Reefer,10979,133.0,42.903,-78.7559,800.0,1366,2023-11-17T15:41:53,Load
Van,Long,36.20000076293945,-86.28246307373047,1367,2023-11-17T15:42:00,255,Truck
Reefer,Short,40.90813064575195,-83.65087127685547,1368,2023-11-17T15:42:07,265,Truck
Reefer,Long,33.93024444580078,-81.07846069335938,1378,2023-11-17T15:45:55,236,Truck
Reefer,Short,36.17351531982422,-86.77024841308594,1389,2023-11-17T15:49:43,215,Truck
Van,Long,36.00469970703125,-83.79598236083984,1390,2023-11-17T15:49:56,362,Truck
Reefer,Short,36.02827835083008,-80.81957244873047,1391,2023-11-17T15:50:21,177,Truck
33.6583,-84.3846,Reefer,10295,878.0,40.7135,-74.1742,1640.0,1392,2023-11-17T15:50:34,Load
43.3128,-73.6488,Flatbed,10102,687.0,36.6877,-79.8756,1550.0,1393,2023-11-17T15:51:52,Load
Reefer,Long,37.73649978637695,-87.06869506835938,1394,2023-11-17T15:51:56,426,Truck
Van,Long,40.40703201293945,-75.9505844116211,1395,2023-11-17T15:51:57,321,Truck
Flatbed,Long,42.23081970214844,-73.9066390991211,1396,2023-11-17T15:52:36,364,Truck
Flatbed,Long,44.777099609375,-69.39701843261719,1397,2023-11-17T15:53:24,203,Truck
33.7958,-84.662,Van,10409,1085.0,42.1954,-70.9609,1400.0,1407,2023-11-17T15:57:06,Load
Van,Long,39.85335159301758,-85.33784484863281,1418,2023-11-17T16:00:51,380,Truck
39.7684,-86.1581,Van,10324,200.0,41.052,-83.6438,621.84,1419,2023-11-17T16:00:59,Load
Reefer,Long,35.79972076416016,-80.91313934326172,1420,2023-11-17T16:01:26,302,Truck
Van,Long,35.07500457763672,-81.74115753173828,1421,2023-11-17T16:01:49,106,Truck
Flatbed,Short,41.60220718383789,-87.1817855834961,1422,2023-11-17T16:01:52,164,Truck
Van,Short,40.02352523803711,-76.19613647460938,1423,2023-11-17T16:01:58,272,Truck
Van,Long,39.68497848510742,-77.04723358154297,1424,2023-11-17T16:02:20,140,Truck
Flatbed,Short,42.36235046386719,-71.59408569335938,1425,2023-11-17T16:03:02,112,Truck
Reefer,Long,43.310245513916016,-80.99085998535156,1443,2023-11-17T16:07:56,115,Truck
30.5463,-87.7516,Flatbed,10601,744.0,39.3951,-84.566,1320.0,1444,2023-11-17T16:07:57,Load
Reefer,Short,36.85414505004883,-86.45661163330078,1445,2023-11-17T16:08:16,252,Truck
Flatbed,Long,36.3753776550293,-80.48634338378906,1446,2023-11-17T16:08:34,293,Truck
Van,Long,40.46693801879883,-76.33386993408203,1447,2023-11-17T16:08:53,411,Truck
Flatbed,Long,37.81237030029297,-87.56671905517578,1448,2023-11-17T16:09:18,147,Truck
Van,Long,34.34859848022461,-83.32161712646484,1449,2023-11-17T16:09:19,333,Truck
Van,Long,39.8032341003418,-83.20819091796875,1450,2023-11-17T16:09:41,163,Truck
41.321,-75.7926,Van,10422,112.0,40.5147,-74.3953,478.0,1451,2023-11-17T16:09:45,Load
39.2014,-85.9236,Van,10631,229.0,41.1898,-83.6787,600.0,1470,2023-11-17T16:14:52,Load
Flatbed,Short,38.1199951171875,-79.0484619140625,1471,2023-11-17T16:14:53,260,Truck
Reefer,Long,39.28201675415039,-84.4898681640625,1472,2023-11-17T16:14:59,410,Truck
Van,Long,41.925052642822266,-79.9557113647461,1473,2023-11-17T16:15:38,171,Truck
Reefer,Short,33.47024154663086,-86.1148681640625,1474,2023-11-17T16:16:03,231,Truck
Flatbed,Long,35.28407287597656,-81.62242889404297,1475,2023-11-17T16:16:06,241,Truck
Flatbed,Short,33.93581008911133,-81.27452087402344,1476,2023-11-17T16:16:06,273,Truck
40.0187,-78.5039,Van,10101,0.0,40.0187,-78.5039,800.0,1477,2023-11-17T16:16:16,Load
Van,Long,40.08152770996094,-75.3880386352539,1478,2023-11-17T16:16:27,200,Truck
Flatbed,Long,38.91339874267578,-78.09980773925781,1496,2023-11-17T16:23:58,352,Truck
Reefer,Short,35.95653533935547,-86.55673217773438,1497,2023-11-17T16:24:47,215,Truck
Van,Long,35.86063766479492,-80.07752990722656,1498,2023-11-17T16:24:59,216,Truck
Van,Short,44.34629821777344,-72.36257934570312,1499,2023-11-17T16:25:13,274,Truck
42.0874,-71.4751,Van,10005,385.0,39.9626,-76.7278,1225.0,1500,2023-11-17T16:25:21,Load
Reefer,Long,34.34859085083008,-84.39167022705078,1501,2023-11-17T16:25:53,142,Truck
Van,Short,40.99610900878906,-78.23707580566406,1520,2023-11-17T16:32:16,369,Truck
Van,Long,37.16887283325195,-85.96144104003906,1521,2023-11-17T16:32:36,403,Truck
Van,Short,44.364505767822266,-84.80774688720703,1522,2023-11-17T16:32:50,182,Truck
Reefer,Short,40.23164367675781,-76.93263244628906,1523,2023-11-17T16:32:51,166,Truck
Reefer,Short,37.02272415161133,-84.09973907470703,1524,2023-11-17T16:33:02,338,Truck
Flatbed,Short,36.06816864013672,-79.28707885742188,1525,2023-11-17T16:33:18,358,Truck
Reefer,Short,36.07741928100586,-79.48320770263672,1526,2023-11-17T16:33:26,363,Truck
Flatbed,Short,35.629791259765625,-87.09723663330078,1527,2023-11-17T16:33:50,331,Truck
Flatbed,Long,33.90073013305664,-84.27091217041016,1548,2023-11-17T16:43:24,132,Truck
Reefer,Long,35.78997039794922,-80.2277603149414,1549,2023-11-17T16:43:34,167,Truck
Reefer,Long,40.85182571411133,-75.30127716064453,1550,2023-11-17T16:43:40,195,Truck
Flatbed,Short,35.635982513427734,-87.01818084716797,1551,2023-11-17T16:43:56,331,Truck
Flatbed,Short,34.15069961547852,-83.64061737060547,1552,2023-11-17T16:44:00,326,Truck
Reefer,Short,36.7757568359375,-80.8162612915039,1553,2023-11-17T16:44:55,177,Truck
Flatbed,Long,37.90998458862305,-77.4583740234375,1554,2023-11-17T16:45:14,224,Truck
Van,Short,39.94566345214844,-83.09456634521484,1555,2023-11-17T16:45:50,108,Truck
Flatbed,Long,42.60226440429688,-71.33708953857422,1556,2023-11-17T16:45:53,303,Truck
43.25,-89.3441,Van,10096,504.0,38.1876,-84.88,800.0,1574,2023-11-17T16:49:11,Load
Van,Long,40.22499465942383,-82.92906951904297,1575,2023-11-17T16:49:44,163,Truck
Van,Long,36.97743988037109,-84.11380004882812,1576,2023-11-17T16:49:54,126,Truck
Reefer,Short,35.022003173828125,-85.33908081054688,1577,2023-11-17T16:49:56,117,Truck
Flatbed,Long,34.44437789916992,-79.36903381347656,1578,2023-11-17T16:50:38,332,Truck
Reefer,Long,43.75173568725586,-79.7379379272461,1579,2023-11-17T16:50:48,174,Truck
Van,Long,33.95597839355469,-84.11424255371094,1580,2023-11-17T16:50:52,377,Truck
Flatbed,Short,39.34394836425781,-84.3953628540039,1581,2023-11-17T16:50:59,211,Truck
Flatbed,Short,39.33913040161133,-84.40203094482422,1582,2023-11-17T16:50:59,211,Truck
Flatbed,Long,41.771461486816406,-74.31815338134766,1583,2023-11-17T16:51:15,364,Truck
Reefer,Long,40.24047470092773,-75.45602416992188,1600,2023-11-17T16:57:58,249,Truck
Reefer,Long,42.23516082763672,-85.70735168457031,1601,2023-11-17T16:58:09,148,Truck
Van,Short,40.827781677246094,-74.01046752929688,1602,2023-11-17T16:58:09,176,Truck
42.4795,-73.769,Van,10473,166.0,42.0318,-71.2192,564.0,1603,2023-11-17T16:58:10,Load
Reefer,Short,41.70483016967773,-72.82194519042969,1604,2023-11-17T16:58:35,168,Truck
Reefer,Short,33.61152648925781,-83.43017578125,1605,2023-11-17T16:58:59,161,Truck
Reefer,Short,40.01325988769531,-77.10013580322266,1606,2023-11-17T16:59:08,166,Truck
38.5899,-121.5167,Reefer,10354,2296.0,40.2789,-84.6375,3200.0,1607,2023-11-17T16:59:11,Load
Flatbed,Short,38.6882209777832,-81.9801025390625,1608,2023-11-17T16:59:44,359,Truck
Flatbed,Long,32.794517517089844,-83.56556701660156,1631,2023-11-17T17:06:07,427,Truck
Reefer,Long,34.00064849853516,-84.56210327148438,1632,2023-11-17T17:06:17,142,Truck
Flatbed,Short,39.98054504394531,-86.39453125,1633,2023-11-17T17:06:18,113,Truck
Van,Short,39.26845932006836,-76.66138458251953,1634,2023-11-17T17:06:33,357,Truck
Flatbed,Long,36.71649169921875,-80.74493408203125,1635,2023-11-17T17:06:50,293,Truck
Van,Short,34.658599853515625,-82.56071472167969,1636,2023-11-17T17:08:03,286,Truck
Reefer,Long,43.01762771606445,-74.99668884277344,1637,2023-11-17T17:08:11,296,Truck
Reefer,Short,33.705955505371094,-83.44767761230469,1659,2023-11-17T17:15:01,161,Truck
36.1997,-86.5194,Reefer,10001,281.0,39.017,-84.5987,800.0,1660,2023-11-17T17:15:19,Load
Van,Short,39.11271667480469,-84.53156280517578,1661,2023-11-17T17:15:19,191,Truck
Flatbed,Long,41.45517349243164,-80.16259002685547,1662,2023-11-17T17:15:31,317,Truck
Van,Long,34.25339889526367,-85.90099334716797,1663,2023-11-17T17:16:28,308,Truck
Van,Short,41.79885482788086,-87.63067626953125,1664,2023-11-17T17:16:40,334,Truck
Van,Long,35.44319534301758,-80.86844635009766,1665,2023-11-17T17:17:02,106,Truck
Flatbed,Long,40.21564102172852,-79.61971282958984,1666,2023-11-17T17:17:06,315,Truck
Flatbed,Long,33.76237869262695,-84.2325210571289,1667,2023-11-17T17:18:29,132,Truck
Flatbed,Short,36.19148635864258,-86.77629852294922,1677,2023-11-17T17:21:35,312,Truck
Reefer,Long,40.880462646484375,-74.46939849853516,1678,2023-11-17T17:21:47,370,Truck
Van,Short,39.84128952026367,-86.24897003173828,1679,2023-11-17T17:21:53,404,Truck
Flatbed,Short,41.49753189086914,-81.61595916748047,1680,2023-11-17T17:22:10,245,Truck
Reefer,Short,40.328880310058594,-75.91442108154297,1681,2023-11-17T17:23:17,156,Truck
Reefer,Long,36.77782440185547,-86.4796142578125,1682,2023-11-17T17:23:18,426,Truck
Van,Short,41.40803527832031,-72.1452407836914,1683,2023-11-17T17:23:21,329,Truck
Reefer,Short,41.00372314453125,-77.60008239746094,1694,2023-11-17T17:26:16,247,Truck
Van,Long,40.13170623779297,-74.97576904296875,1695,2023-11-17T17:26:25,383,Truck
Reefer,Long,40.8717041015625,-74.41968536376953,1696,2023-11-17T17:26:44,370,Truck
Van,Long,34.39647674560547,-80.9937515258789,1697,2023-11-17T17:26:45,136,Truck
Van,Long,40.04862976074219,-80.66317749023438,1698,2023-11-17T17:26:55,118,Truck
Van,Long,35.49087142944336,-80.8722152709961,1699,2023-11-17T17:27:03,106,Truck
Flatbed,Long,39.25080108642578,-85.95474243164062,1700,2023-11-17T17:27:06,202,Truck
Van,Long,38.20323944091797,-77.49867248535156,1701,2023-11-17T17:27:12,398,Truck
Flatbed,Short,32.22096252441406,-83.50687408447266,1702,2023-11-17T17:27:42,129,Truck
39.3951,-84.566,Flatbed,10046,239.0,38.0626,-81.8209,750.0,1703,2023-11-17T17:27:46,Load
Reefer,Short,39.685665130615234,-75.47785949707031,1713,2023-11-17T17:30:36,238,Truck
Flatbed,Long,34.89986801147461,-78.95826721191406,1714,2023-11-17T17:30:41,332,Truck
Flatbed,Long,40.36894989013672,-76.68592071533203,1715,2023-11-17T17:30:42,341,Truck
Reefer,Short,41.03623580932617,-77.50074768066406,1716,2023-11-17T17:31:15,247,Truck
Reefer,Long,43.3661994934082,-80.95669555664062,1717,2023-11-17T17:31:33,115,Truck
Flatbed,Short,35.980613708496094,-85.01911163330078,1718,2023-11-17T17:31:38,133,Truck
Van,Long,34.485015869140625,-80.99555206298828,1719,2023-11-17T17:31:46,136,Truck
Flatbed,Long,38.05978012084961,-79.11148071289062,1720,2023-11-17T17:31:53,189,Truck
Van,Long,40.060943603515625,-77.47888946533203,1721,2023-11-17T17:32:00,198,Truck
Flatbed,Short,35.70158386230469,-83.04204559326172,1722,2023-11-17T17:32:06,151,Truck
Van,Long,34.08831787109375,-84.70187377929688,1723,2023-11-17T17:32:18,253,Truck
Van,Short,41.14674758911133,-78.94578552246094,1747,2023-11-17T17:42:55,369,Truck
Reefer,Short,40.7672004699707,-82.42388153076172,1748,2023-11-17T17:43:00,292,Truck
Van,Short,34.83219146728516,-82.29817962646484,1749,2023-11-17T17:43:08,286,Truck
Flatbed,Short,40.708927154541016,-74.1636962890625,1750,2023-11-17T17:44:07,395,Truck
Reefer,Long,34.888824462890625,-81.99337005615234,1751,2023-11-17T17:44:26,316,Truck
Flatbed,Long,35.254573822021484,-82.2432632446289,1752,2023-11-17T17:44:31,212,Truck
Van,Long,39.99478530883789,-79.03006744384766,1753,2023-11-17T17:44:36,158,Truck
Flatbed,Short,41.04570388793945,-85.07849884033203,1754,2023-11-17T17:44:46,173,Truck
Reefer,Short,38.24131774902344,-85.75291442871094,1755,2023-11-17T17:45:30,141,Truck
Reefer,Short,36.66051483154297,-86.55529022216797,1756,2023-11-17T17:45:31,346,Truck
Reefer,Long,39.1748275756836,-77.2482681274414,1757,2023-11-17T17:46:03,194,Truck
Flatbed,Short,40.71038436889648,-74.16265106201172,1774,2023-11-17T17:51:03,342,Truck
Flatbed,Short,39.89287185668945,-86.05553436279297,1775,2023-11-17T17:52:05,134,Truck
Reefer,Short,34.792808532714844,-85.00074005126953,1776,2023-11-17T17:53:34,232,Truck
Flatbed,Short,43.75012969970703,-79.41373443603516,1777,2023-11-17T17:53:49,234,Truck
Flatbed,Long,35.47133255004883,-78.37611389160156,1778,2023-11-17T17:54:07,418,Truck
Reefer,Long,35.253353118896484,-82.29132843017578,1779,2023-11-17T17:54:13,236,Truck
Flatbed,Short,32.41004943847656,-83.31920623779297,1780,2023-11-17T17:54:15,129,Truck
Reefer,Long,34.964813232421875,-82.02007293701172,1781,2023-11-17T17:54:28,316,Truck
Flatbed,Long,34.650386810302734,-82.57096099853516,1782,2023-11-17T17:55:08,159,Truck
Flatbed,Long,40.59501647949219,-74.23518371582031,1783,2023-11-17T17:55:09,137,Truck
Flatbed,Long,38.80051040649414,-77.1159896850586,1784,2023-11-17T17:55:21,224,Truck
Van,Long,43.02407455444336,-78.87647247314453,1793,2023-11-17T17:59:41,413,Truck
Flatbed,Long,37.98640060424805,-85.70121002197266,1794,2023-11-17T18:00:23,193,Truck
Reefer,Long,35.249507904052734,-80.89924621582031,1795,2023-11-17T18:00:24,167,Truck
Van,Short,33.506385803222656,-82.54479217529297,1796,2023-11-17T18:00:31,419,Truck
Reefer,Short,36.089298248291016,-75.7564926147461,1797,2023-11-17T18:00:31,288,Truck
Van,Short,38.652793884277344,-84.5875244140625,1798,2023-11-17T18:00:33,191,Truck
Flatbed,Long,35.26123046875,-78.6220703125,1799,2023-11-17T18:00:43,332,Truck
Flatbed,Long,33.28848648071289,-83.89568328857422,1800,2023-11-17T18:01:12,427,Truck
Van,Short,34.899559020996094,-85.14623260498047,1812,2023-11-17T18:03:33,307,Truck
Reefer,Short,38.55632781982422,-83.56049346923828,1813,2023-11-17T18:03:35,381,Truck
Van,Short,38.783233642578125,-77.17947387695312,1814,2023-11-17T18:04:20,243,Truck
Van,Short,36.801029205322266,-87.49295806884766,1815,2023-11-17T18:04:35,351,Truck
Van,Short,41.78702163696289,-87.64788055419922,1816,2023-11-17T18:05:04,334,Truck
Flatbed,Long,38.79903030395508,-77.07150268554688,1817,2023-11-17T18:05:24,224,Truck
Flatbed,Short,41.634037017822266,-87.7121353149414,1818,2023-11-17T18:05:38,213,Truck
Flatbed,Long,35.32402801513672,-78.56861877441406,1819,2023-11-17T18:05:44,332,Truck
Van,Short,36.73046112060547,-87.49078369140625,1829,2023-11-17T18:09:36,351,Truck
Flatbed,Long,42.32130813598633,-83.1737289428711,1830,2023-11-17T18:10:03,376,Truck
Flatbed,Long,40.13292694091797,-84.215576171875,1831,2023-11-17T18:10:05,423,Truck
Flatbed,Short,42.32756423950195,-83.15695190429688,1832,2023-11-17T18:10:13,298,Truck
Flatbed,Short,32.52789306640625,-83.10774230957031,1833,2023-11-17T18:10:43,129,Truck
Flatbed,Long,37.50484848022461,-81.11334228515625,1834,2023-11-17T18:11:59,293,Truck
Van,Long,34.50355529785156,-79.85193634033203,1835,2023-11-17T18:12:22,264,Truck
Van,Short,40.171016693115234,-86.54953002929688,1836,2023-11-17T18:12:41,404,Truck
Van,Long,36.16501998901367,-86.76393127441406,1837,2023-11-17T18:12:43,403,Truck
Reefer,Short,42.257568359375,-83.46600341796875,1848,2023-11-17T18:16:19,225,Truck
Flatbed,Short,39.87569427490234,-83.04966735839844,1849,2023-11-17T18:16:23,105,Truck
Flatbed,Long,40.29145431518555,-76.89800262451172,1850,2023-11-17T18:16:45,206,Truck
Flatbed,Short,35.439727783203125,-82.53511810302734,1851,2023-11-17T18:17:09,151,Truck
