seq,type,timestamp,loadId,originLatitude,originLongitude,destinationLatitude,destinationLongitude,equipmentType,price,mileage
1,Load,2023-11-18T03:12:52,10256,41.2112,-80.5379,40.1018,-76.0852,Van,600.0,301.0
2,Load,2023-11-18T03:22:36,10034,42.5455,-71.1754,42.106,-72.5781,Van,325.0,96.0
3,Load,2023-11-18T03:22:36,10182,39.74,-75.31,37.92,-77.45,Reefer,850.0,209.0
4,Load,2023-11-18T03:23:55,10132,44.7697,-85.6344,41.9573,-83.6597,Van,715.5,265.0
5,Load,2023-11-18T04:04:31,10736,41.1274,-84.8499,33.4482,-84.1468,Reefer,1625.0,697.0
6,Load,2023-11-18T06:02:38,10951,36.7082,-76.2281,38.8467,-91.948,Van,1500.0,1023.0
7,Load,2023-11-18T06:05:37,10609,40.812,-74.1243,41.9584,-70.6673,Van,805.0,221.0
8,Load,2023-11-18T06:05:49,10517,40.2,-77.18,33.39,-84.59,Van,1000.0,727.0
9,Load,2023-11-18T06:35:56,10635,38.7626,-80.6373,35.7339,-79.6523,Flatbed,900.0,298.0
10,Load,2023-11-18T06:35:56,10262,38.75,-85.8,39.0,-78.16,Van,1300.0,552.0
11,Load,2023-11-18T06:36:01,10651,40.5038,-79.8395,42.1167,-80.0826,Reefer,500.0,133.0
12,Load,2023-11-18T06:38:59,11010,38.91,-84.61,33.4,-84.12,Reefer,1450.0,480.0
13,Load,2023-11-18T06:39:34,10426,38.9259,-79.8467,40.5009,-75.9699,Flatbed,900.0,293.0
14,Load,2023-11-18T07:23:03,10007,40.8009,-85.8193,33.7448,-85.2899,Van,1400.0,627.0
18,Load,2023-11-18T08:22:38,10509,40.5779,-74.3968,42.9981,-78.1875,Reefer,750.0,316.0
28,Load,2023-11-18T08:41:19,10161,42.3052,-71.5236,39.1492,-76.7762,Reefer,850.0,393.0
38,Load,2023-11-18T08:44:40,10583,44.7963,-71.8556,42.4119,-71.1765,Flatbed,611.0,204.0
41,Load,2023-11-18T08:50:00,40020,46.1012,-123.2068,37.5297,-122.0402,Flatbed,2000.0,715.0
51,Load,2023-11-18T08:55:55,10263,40.2842,-84.1555,42.3104,-83.4476,Van,474.0,164.0
52,Load,2023-11-18T08:56:09,10781,38.0489,-84.4998,41.9573,-83.6597,Van,700.0,307.0
53,Load,2023-11-18T08:56:33,10693,43.1437,-76.1275,28.5846,-80.664,Flatbed,2800.0,1224.0
54,Load,2023-11-18T08:56:33,10064,41.6702,-86.2512,42.7256,-77.8742,Flatbed,1700.0,502.0
55,Load,2023-11-18T08:56:34,10795,42.609,-82.8737,40.3989,-81.3481,Van,700.0,238.0
67,Load,2023-11-18T09:07:26,10809,41.5211,-83.8057,35.1411,-90.045,Van,1300.0,658.0
68,Load,2023-11-18T09:07:57,10876,40.8541,-74.8291,37.0774,-94.509,Van,1800.0,1217.0
73,Load,2023-11-18T09:11:48,10235,39.6019,-82.9326,40.8899,-80.6979,Van,483.6,183.0
74,Load,2023-11-18T09:11:51,11017,40.206,-75.0998,27.5077,-99.5029,Flatbed,1500.0,1913.0
80,Load,2023-11-18T09:13:58,10811,41.3083,-81.8243,40.0187,-78.5039,Flatbed,800.0,232.0
81,Load,2023-11-18T09:14:19,11035,37.5701,-85.252,39.8521,-82.8846,Van,675.0,241.0
82,Load,2023-11-18T09:14:34,10502,40.8514,-74.7333,43.5448,-96.7311,Van,1700.0,1329.0
83,Load,2023-11-18T09:14:49,10268,41.38,-83.6,41.51,-88.0,Van,501.0,253.0
85,Load,2023-11-18T09:17:29,10204,39.87,-75.44,35.01,-81.8,Van,900.0,589.0
90,Load,2023-11-18T09:20:00,10944,39.526,-87.1258,37.5389,-87.2583,Van,500.0,178.0
91,Load,2023-11-18T09:20:31,10146,43.056,-83.3279,40.5554,-75.66,Van,1750.0,591.0
98,Load,2023-11-18T09:22:41,10374,39.785,-85.7694,37.9426,-121.2681,Reefer,3300.08,2257.0
99,Load,2023-11-18T09:22:42,11032,43.3128,-73.6488,35.3853,-94.4173,Van,2200.0,1463.0
100,Load,2023-11-18T09:22:44,10272,44.9524,-69.8598,43.0639,-85.9348,Flatbed,1680.0,931.0
108,Load,2023-11-18T09:24:51,10457,42.4421,-73.2592,41.8961,-71.4145,Van,380.0,126.0
119,Load,2023-11-18T09:30:15,10131,42.8599,-78.8188,38.6533,-94.3488,Reefer,1700.0,967.0
122,Load,2023-11-18T09:31:22,10257,41.5387,-75.9466,44.8046,-68.7746,Van,1118.61,531.0
123,Load,2023-11-18T09:31:50,10734,42.85,-78.81,29.18,-82.17,Van,2600.0,1150.0
126,Load,2023-11-18T09:31:54,10275,39.6001,-75.9413,37.228,-77.4008,Reefer,850.0,212.0
127,Load,2023-11-18T09:31:56,10358,42.8983,-78.6619,41.9573,-83.6597,Van,712.8,328.0
128,Load,2023-11-18T09:31:58,10972,40.6878,-84.6466,40.2795,-86.5108,Van,500.0,133.0
130,Load,2023-11-18T09:31:59,40006,25.7812,-80.1911,27.9613,-82.4493,Reefer,600.0,265.0
131,Load,2023-11-18T09:31:59,10468,43.7826,-74.2718,29.6911,-95.2091,Van,2012.0,1783.0
132,Load,2023-11-18T09:32:00,10751,39.3302,-84.4039,41.2931,-84.7619,Van,400.0,172.0
134,Load,2023-11-18T09:32:22,11055,39.33,-84.49,32.87,-96.67,Flatbed,2150.0,942.0
138,Load,2023-11-18T09:33:33,11025,39.8685,-75.0952,32.7379,-96.2761,Reefer,2300.0,1452.0
139,Load,2023-11-18T09:33:33,10135,40.4823,-78.5517,37.1464,-92.7688,Flatbed,1850.0,908.0
145,Load,2023-11-18T09:38:20,10528,39.76,-86.15,47.2,-122.24,Van,4200.0,2247.0
146,Load,2023-11-18T09:38:46,10086,42.4407,-76.4968,42.0889,-83.2885,Van,700.0,426.0
150,Load,2023-11-18T09:40:31,10019,40.6034,-78.3247,35.6266,-81.9917,Van,900.0,499.0
156,Load,2023-11-18T09:42:54,10927,40.48,-78.4,32.15,-81.21,Van,1300.0,736.0
157,Load,2023-11-18T09:42:59,10295,40.7135,-74.1742,33.6583,-84.3846,Reefer,1640.0,878.0
164,Load,2023-11-18T09:45:28,10685,39.8089,-82.9718,33.3997,-86.9558,Van,1100.0,580.0
166,Load,2023-11-18T09:46:34,10388,40.9634,-76.6127,44.0997,-70.2269,Flatbed,1800.0,491.0
167,Load,2023-11-18T09:46:36,10417,40.7963,-81.5229,35.2274,-80.8434,Van,1000.0,454.0
171,Load,2023-11-18T09:48:46,10503,41.0815,-81.5192,42.2948,-85.5911,Reefer,700.0,280.0
185,Load,2023-11-18T09:56:10,10197,40.4167,-86.9,37.3436,-77.0741,Flatbed,1700.0,712.0
186,Load,2023-11-18T09:56:26,10577,39.6528,-78.7609,39.1492,-76.7762,Flatbed,900.0,134.0
188,Load,2023-11-18T09:57:37,10631,41.1898,-83.6787,39.2014,-85.9236,Van,600.0,229.0
189,Load,2023-11-18T09:57:43,10214,39.9536,-75.1684,41.07,-85.0379,Van,1000.0,613.0
190,Load,2023-11-18T09:57:46,10571,42.1149,-83.307,40.4523,-85.373,Van,451.0,191.0
191,Load,2023-11-18T09:58:05,10090,37.81,-85.485,27.5077,-99.5029,Van,1191.0,1249.0
192,Load,2023-11-18T09:58:05,10681,42.5085,-83.0154,36.1595,-86.7907,Van,1050.0,572.0
193,Load,2023-11-18T09:58:06,10261,39.077,-84.1769,35.8217,-84.048,Van,600.0,286.0
196,Load,2023-11-18T09:58:58,10492,40.0553,-86.4797,38.1045,-82.6103,Reefer,900.0,313.0
197,Load,2023-11-18T09:59:26,10881,40.5558,-81.9192,42.7,-83.4073,Van,600.0,212.0
199,Load,2023-11-18T10:00:10,10816,42.2466,-84.4027,32.9234,-96.6273,Van,2000.0,1105.0
200,Load,2023-11-18T10:00:38,10567,38.8857,-76.9045,39.7345,-104.935,Van,2650.0,1665.0
201,Load,2023-11-18T10:03:17,10025,43.649,-72.3193,43.0511,-76.1524,Van,500.0,246.0
202,Load,2023-11-18T10:04:01,10085,41.1192,-78.76,39.9502,-77.6639,Flatbed,450.0,138.0
203,Load,2023-11-18T10:04:02,40005,30.3414,-95.0907,32.757,-97.3286,Flatbed,660.09,256.0
208,Load,2023-11-18T10:06:13,10729,41.7942,-83.4963,37.81,-85.485,Flatbed,1100.0,344.0
210,Load,2023-11-18T10:06:55,10060,41.3519,-83.1183,40.6638,-74.2108,Van,1351.8,523.0
215,Load,2023-11-18T10:08:19,10397,40.17,-80.25,40.09,-74.21,Van,900.0,367.0
216,Load,2023-11-18T10:09:10,10697,43.0865,-86.1893,35.2523,-91.8493,Van,1410.0,731.0
217,Load,2023-11-18T10:10:30,10020,40.8917,-76.7975,35.6179,-82.3212,Van,650.0,574.0
218,Load,2023-11-18T10:10:31,10608,37.3279,-87.4991,42.68,-89.0317,Van,745.0,433.0
219,Load,2023-11-18T10:10:32,10068,39.4569,-77.9652,32.8626,-80.0146,Van,900.0,594.0
220,Load,2023-11-18T10:11:04,10252,39.82,-76.96,41.85,-72.64,Van,1000.0,321.0
223,Load,2023-11-18T10:11:25,11030,37.294,-80.0528,37.6088,-77.3733,Van,450.0,198.0
225,Load,2023-11-18T10:12:39,10144,38.2021,-79.0084,42.8016,-73.9275,Reefer,1600.0,500.0
227,Load,2023-11-18T10:12:45,10032,42.0103,-76.5272,43.749,-87.9824,Reefer,1300.0,816.0
231,Load,2023-11-18T10:13:34,10370,41.0142,-77.6581,32.2371,-80.8604,Flatbed,1000.0,797.0
238,Load,2023-11-18T10:15:50,10065,42.2067,-86.1667,36.7101,-81.9775,Van,1327.0,595.0
240,Load,2023-11-18T10:16:21,10166,37.7742,-87.1133,30.2833,-82.1253,Reefer,1750.0,680.0
241,Load,2023-11-18T10:17:51,10688,39.18,-78.16,38.19,-83.53,Van,550.0,381.0
243,Load,2023-11-18T10:18:18,10171,39.8794,-84.1919,42.7925,-85.6546,Van,600.0,262.0
250,Load,2023-11-18T10:20:07,10705,39.3373,-85.4836,33.3321,-87.012,Van,990.0,470.0
252,Load,2023-11-18T10:21:26,10508,38.0296,-76.5808,35.9129,-79.7175,Flatbed,500.0,268.0
254,Load,2023-11-18T10:22:17,10390,40.33,-75.92,33.03,-83.93,Van,1250.0,830.0
255,Load,2023-11-18T10:22:24,10939,40.59,-75.6,39.02,-84.73,Van,761.0,563.0
259,Load,2023-11-18T10:23:33,10072,36.6944,-77.5389,39.2977,-76.6176,Flatbed,650.0,219.0
263,Load,2023-11-18T10:25:31,10004,42.8016,-73.9275,35.4885,-97.5054,Van,2350.0,1495.0
264,Load,2023-11-18T10:25:33,10808,40.6301,-79.9695,34.2436,-84.4982,Flatbed,1250.0,677.0
265,Load,2023-11-18T10:25:41,10834,39.45,-87.35,35.02,-89.87,Van,800.0,414.0
270,Load,2023-11-18T10:27:22,40002,41.5472,-89.1176,36.1595,-86.7907,Van,1200.0,484.0
275,Load,2023-11-18T10:28:47,10948,43.0511,-76.1524,42.6301,-71.1794,Reefer,1000.0,319.0
278,Load,2023-11-18T10:29:25,11036,40.05,-85.53,29.55,-95.8,Van,2000.0,1097.0
279,Load,2023-11-18T10:30:03,10308,40.1798,-76.1788,33.9719,-87.923,Flatbed,1656.0,918.0
281,Load,2023-11-18T10:30:57,10458,37.1091,-87.8821,33.0063,-97.227,Van,1650.0,690.0
285,Load,2023-11-18T10:32:17,40012,56.7353,-111.3968,41.1573,-85.4883,Flatbed,2726.0,2050.0
286,Load,2023-11-18T10:33:06,10030,42.8177,-78.8194,40.4925,-87.0963,Flatbed,877.5,512.0
289,Load,2023-11-18T10:34:14,10134,41.2266,-77.0222,41.5084,-87.6909,Van,678.4,612.0
293,Load,2023-11-18T10:36:55,10037,39.2977,-76.6176,41.7214,-85.8175,Van,750.0,598.0
296,Load,2023-11-18T10:38:30,10464,40.7236,-73.2797,42.8127,-70.8773,Van,800.0,286.0
298,Load,2023-11-18T10:38:54,10423,38.4489,-78.8692,40.9537,-75.9804,Reefer,875.0,266.0
303,Load,2023-11-18T10:40:13,10769,39.9403,-82.0132,39.5223,-85.7731,Reefer,700.0,218.0
305,Load,2023-11-18T10:40:58,10044,44.1936,-85.2133,38.2543,-85.7593,Flatbed,850.0,486.0
310,Load,2023-11-18T10:42:26,10274,40.2101,-76.8694,37.6314,-77.3561,Flatbed,826.47,216.0
314,Load,2023-11-18T10:42:44,10863,42.6263,-83.0192,42.4721,-83.2828,Van,250.0,31.0
315,Load,2023-11-18T10:42:53,10056,36.5768,-79.8584,40.6865,-80.1016,Flatbed,1100.0,418.0
319,Load,2023-11-18T10:43:53,10113,40.9538,-83.3744,36.8901,-82.2796,Van,750.0,373.0
320,Load,2023-11-18T10:44:39,10319,42.6366,-73.8557,33.0957,-80.3154,Van,1400.0,886.0
324,Load,2023-11-18T10:45:19,10329,41.0199,-84.0506,40.2015,-77.1889,Van,1375.0,447.0
329,Load,2023-11-18T10:47:26,10116,40.2645,-75.8041,37.7586,-77.472,Van,600.0,257.0
333,Load,2023-11-18T10:50:12,10770,40.34,-74.44,29.18,-82.17,Van,2100.0,1009.0
339,Load,2023-11-18T10:51:35,10491,42.91,-77.3,41.85,-72.64,Van,900.0,309.0
340,Load,2023-11-18T10:51:46,10523,42.56,-71.58,38.91,-76.88,Reefer,900.0,430.0
341,Load,2023-11-18T10:51:47,40010,32.69,-96.83,39.28,-94.73,Van,650.0,515.0
342,Load,2023-11-18T10:51:47,10849,42.9682,-71.4509,29.2396,-81.0517,Van,2000.0,1279.0
343,Load,2023-11-18T10:51:50,40019,33.7798,-89.8107,30.5602,-91.954,Flatbed,700.0,337.0
344,Load,2023-11-18T10:51:52,10211,41.4944,-81.6856,37.7586,-77.472,Van,1100.0,450.0
345,Load,2023-11-18T10:51:53,10238,42.464,-73.3965,42.2212,-70.838,Flatbed,800.0,164.0
353,Load,2023-11-18T10:54:17,10717,39.4172,-76.7781,39.017,-84.5987,Reefer,1000.0,512.0
357,Load,2023-11-18T10:54:57,10320,41.9842,-86.3031,25.7812,-80.1911,Reefer,4000.0,1401.0
364,Load,2023-11-18T10:58:19,10760,40.1529,-76.6028,39.7345,-104.935,Reefer,2700.0,1596.0
365,Load,2023-11-18T10:58:21,10062,42.362,-71.0554,38.0239,-97.6698,Flatbed,2200.0,1618.0
366,Load,2023-11-18T10:58:42,10005,39.9626,-76.7278,42.0874,-71.4751,Van,1225.0,385.0
367,Load,2023-11-18T10:59:16,10021,39.914,-85.163,39.9392,-75.119,Van,1329.0,582.0
368,Load,2023-11-18T10:59:23,10102,36.6877,-79.8756,43.3128,-73.6488,Flatbed,1550.0,687.0
370,Load,2023-11-18T11:00:29,10991,41.2009,-80.4978,42.0414,-87.8878,Flatbed,950.0,443.0
371,Load,2023-11-18T11:02:43,40018,30.5782,-98.2728,31.9637,-95.272,Van,522.29,238.0
383,Load,2023-11-18T11:04:51,10027,39.5078,-76.1701,43.6319,-70.2621,Van,1392.7,472.0
387,Load,2023-11-18T11:05:49,10814,41.6395,-87.4707,41.9495,-87.8777,Flatbed,300.0,37.0
391,Load,2023-11-18T11:07:06,10650,40.822,-81.3836,40.5109,-75.603,Van,1000.0,388.0
392,Load,2023-11-18T11:07:34,10820,40.51,-74.3,39.0,-78.16,Van,800.0,270.0
393,Load,2023-11-18T11:07:35,10285,40.2015,-77.1889,35.4428,-84.593,Reefer,1150.0,579.0
399,Load,2023-11-18T11:09:11,10006,39.4585,-87.42,34.0634,-118.2491,Van,3200.0,2047.0
401,Load,2023-11-18T11:09:38,10691,39.12,-76.86,40.91,-74.15,Reefer,900.0,216.0
402,Load,2023-11-18T11:09:39,10067,40.0201,-76.1336,39.5995,-88.6078,Flatbed,1400.0,756.0
406,Load,2023-11-18T11:10:41,10633,41.5963,-87.3032,39.3459,-84.5605,Van,750.0,255.0
410,Load,2023-11-18T11:11:06,10647,38.3307,-80.6532,41.3935,-81.4441,Flatbed,950.0,307.0
411,Load,2023-11-18T11:11:06,10959,40.739,-85.1723,29.5572,-95.8086,Van,2300.0,1145.0
419,Load,2023-11-18T11:14:07,10119,42.3306,-83.0424,38.7462,-85.3804,Flatbed,1000.0,327.0
421,Load,2023-11-18T11:14:08,10251,39.8006,-76.983,32.5175,-92.158,Van,1800.0,1145.0
426,Load,2023-11-18T11:15:46,10350,40.1731,-77.3986,38.139,-78.1882,Van,475.0,173.0
428,Load,2023-11-18T11:15:59,10711,41.237,-80.8199,41.4789,-87.4548,Flatbed,1000.0,374.0
429,Load,2023-11-18T11:16:45,40022,29.9561,-90.0773,33.6821,-84.1488,Flatbed,1000.0,480.0
433,Load,2023-11-18T11:17:36,10355,42.0986,-75.9183,36.0725,-79.7921,Reefer,1000.0,574.0
436,Load,2023-11-18T11:17:53,10487,38.0512,-87.2759,33.6231,-84.3667,Reefer,1500.0,427.0
437,Load,2023-11-18T11:17:53,40023,47.3143,-116.5627,32.2614,-110.9771,Flatbed,3200.0,1528.0
452,Load,2023-11-18T11:20:58,10700,42.3104,-83.4476,36.0567,-86.6472,Flatbed,1500.0,538.0
456,Load,2023-11-18T11:22:14,10121,42.7875,-86.1089,28.5463,-81.3783,Van,2551.0,1162.0
468,Load,2023-11-18T11:24:14,10059,37.2706,-79.9417,40.4848,-78.0103,Flatbed,1050.0,284.0
469,Load,2023-11-18T11:24:26,10003,41.9573,-83.6597,41.6621,-87.7378,Van,500.0,250.0
470,Load,2023-11-18T11:24:27,10473,42.0318,-71.2192,42.4795,-73.769,Van,564.0,166.0
478,Load,2023-11-18T11:28:13,10194,40.4412,-84.9762,42.3489,-83.4671,Van,384.0,189.0
484,Load,2023-11-18T11:29:41,10225,40.6957,-80.0119,40.5679,-84.1963,Van,676.0,262.0
488,Load,2023-11-18T11:31:42,10465,40.7959,-74.3255,40.4405,-79.9961,Van,665.0,353.0
489,Load,2023-11-18T11:31:47,10586,39.3459,-84.5605,35.1595,-84.8766,Reefer,780.78,341.0
495,Load,2023-11-18T11:32:59,10147,38.8701,-84.6134,40.8115,-96.7166,Reefer,1400.0,746.0
496,Load,2023-11-18T11:33:07,10713,39.7446,-75.5462,42.5544,-71.3141,Flatbed,1045.0,340.0
500,Load,2023-11-18T11:35:05,10162,40.2601,-74.2738,38.956,-85.8895,Van,900.0,708.0
501,Load,2023-11-18T11:35:06,11057,42.1033,-86.4817,42.8794,-78.8775,Van,1200.0,479.0
502,Load,2023-11-18T11:35:06,10078,41.2331,-80.4934,40.0429,-86.8981,Flatbed,1050.0,403.0
505,Load,2023-11-18T11:35:14,10934,36.94,-84.09,36.87,-89.58,Van,700.0,371.0
506,Load,2023-11-18T11:35:42,40017,40.8031,-124.1596,33.3501,-111.8073,Flatbed,2600.0,1036.0
512,Load,2023-11-18T11:37:26,10616,40.6187,-80.6044,34.0116,-86.0108,Van,1550.0,727.0
513,Load,2023-11-18T11:37:28,10142,40.6026,-75.4655,37.5483,-77.4459,Van,700.0,304.0
520,Load,2023-11-18T11:39:40,10455,42.8794,-78.8775,40.2767,-81.586,Van,510.0,280.0
526,Load,2023-11-18T11:41:44,10351,43.2464,-78.1945,39.9536,-75.1684,Reefer,1200.0,339.0
528,Load,2023-11-18T11:41:54,11021,41.13,-84.84,35.66,-78.47,Reefer,2000.0,652.0
530,Load,2023-11-18T11:43:45,10434,42.9651,-85.6723,34.0236,-117.9603,Reefer,2991.0,2175.0
533,Load,2023-11-18T11:45:56,10008,41.16,-75.87,33.71,-84.63,Reefer,1600.0,834.0
536,Load,2023-11-18T11:46:39,10601,39.3951,-84.566,30.5463,-87.7516,Flatbed,1320.0,744.0
545,Load,2023-11-18T11:48:07,10399,40.6616,-74.3066,40.7222,-73.4243,Van,498.0,67.0
546,Load,2023-11-18T11:48:11,10630,40.0,-79.05,33.53,-84.64,Van,1500.0,704.0
547,Load,2023-11-18T11:48:19,10674,42.6748,-78.8742,41.2953,-89.0595,Van,950.0,591.0
548,Load,2023-11-18T11:48:19,10018,40.0115,-75.0149,39.9502,-77.6639,Flatbed,800.0,168.0
549,Load,2023-11-18T11:48:19,10435,40.5984,-76.0933,41.7761,-72.5213,Van,550.0,249.0
550,Load,2023-11-18T11:48:23,11053,38.9122,-78.1942,41.4509,-82.7062,Van,700.0,382.0
554,Load,2023-11-18T11:49:17,10668,44.1255,-75.6043,40.2142,-77.0091,Van,750.0,347.0
555,Load,2023-11-18T11:49:54,10539,37.8481,-85.4727,44.5119,-88.0121,Van,860.0,554.0
557,Load,2023-11-18T11:50:32,10768,40.7613,-73.8225,33.5699,-84.5887,Van,1600.0,925.0
564,Load,2023-11-18T11:52:39,10436,45.0614,-83.4319,44.9746,-93.268,Flatbed,1525.0,615.0
568,Load,2023-11-18T11:53:36,10386,41.7956,-86.0808,35.4701,-80.2578,Flatbed,1472.0,701.0
569,Load,2023-11-18T11:53:37,10178,38.9989,-84.6267,34.0634,-118.2491,Reefer,3000.0,2140.0
578,Load,2023-11-18T11:56:41,10048,40.3276,-80.5903,41.5757,-87.2,Flatbed,1000.0,420.0
580,Load,2023-11-18T11:56:43,10271,41.577,-73.4085,44.5119,-88.0121,Van,1250.0,1067.0
581,Load,2023-11-18T11:56:43,10336,41.137,-77.4469,40.86,-73.8712,Van,913.0,219.0
583,Load,2023-11-18T11:57:00,10063,43.41,-86.3487,40.8165,-79.522,Flatbed,1100.0,488.0
585,Load,2023-11-18T11:57:04,10010,40.4523,-85.373,41.8744,-87.6514,Van,490.0,199.0
586,Load,2023-11-18T11:57:06,10490,40.0506,-77.5203,39.7684,-86.1581,Flatbed,1050.0,545.0
590,Load,2023-11-18T11:57:36,40011,53.8419,-107.0342,41.5145,-87.8706,Flatbed,1650.0,1537.0
593,Load,2023-11-18T11:57:59,10637,39.5735,-84.3037,33.1023,-86.7531,Van,1100.0,527.0
604,Load,2023-11-18T11:59:59,10408,42.7893,-73.9809,41.7761,-72.5213,Van,497.0,129.0
608,Load,2023-11-18T12:01:16,10359,42.7925,-85.6546,45.6365,-122.6721,Van,1200.0,2286.0
611,Load,2023-11-18T12:02:03,10349,43.0795,-75.5393,39.9553,-84.1702,Reefer,1000.0,560.0
612,Load,2023-11-18T12:02:19,10193,39.8735,-83.0727,45.1219,-95.0433,Van,1268.0,817.0
613,Load,2023-11-18T12:03:00,10152,41.0037,-76.4549,36.8663,-87.4892,Van,1187.5,778.0
614,Load,2023-11-18T12:03:32,10549,39.9553,-84.1702,43.7019,-98.0292,Reefer,1850.0,932.0
617,Load,2023-11-18T12:04:02,10105,40.5109,-75.603,34.6989,-82.4771,Van,975.0,669.0
625,Load,2023-11-18T12:05:45,10560,41.8412,-85.6686,39.7904,-77.7278,Van,1325.0,525.0
630,Load,2023-11-18T12:08:08,10424,40.03,-85.74,41.3,-88.14,Reefer,550.0,202.0
631,Load,2023-11-18T12:08:28,10240,40.149,-79.5412,40.5368,-75.6313,Reefer,960.0,253.0
632,Load,2023-11-18T12:08:59,10253,42.5434,-71.6158,35.4801,-79.1807,Van,1000.0,755.0
633,Load,2023-11-18T12:09:14,10569,40.8645,-75.811,34.7047,-85.2819,Van,1170.0,749.0
635,Load,2023-11-18T12:09:52,10023,41.4298,-84.8714,33.8558,-84.2118,Flatbed,1500.0,666.0
636,Load,2023-11-18T12:09:53,10918,39.9795,-77.2228,40.483,-85.6161,Van,950.0,553.0
638,Load,2023-11-18T12:10:31,10472,41.7062,-86.5177,27.9613,-82.4493,Van,2600.0,1151.0
644,Load,2023-11-18T12:11:53,10422,40.5147,-74.3953,41.321,-75.7926,Van,478.0,112.0
649,Load,2023-11-18T12:13:16,10029,36.8663,-87.4892,41.4596,-88.2709,Van,575.0,364.0
651,Load,2023-11-18T12:14:26,10148,40.869,-74.1615,41.518,-95.4393,Van,1725.0,1195.0
662,Load,2023-11-18T12:20:12,10017,41.0974,-80.8539,41.9575,-87.9184,Flatbed,1000.0,430.0
667,Load,2023-11-18T12:20:55,10332,40.6262,-76.6208,41.5286,-71.9617,Flatbed,910.0,309.0
668,Load,2023-11-18T12:20:57,10740,41.6056,-73.9715,39.7042,-86.3994,Van,850.0,766.0
670,Load,2023-11-18T12:22:45,11058,43.2206,-76.815,39.0971,-84.5108,Reefer,991.0,553.0
671,Load,2023-11-18T12:23:55,10978,37.9295,-77.4561,43.0067,-74.3676,Van,945.0,479.0
672,Load,2023-11-18T12:23:55,10226,39.7625,-87.2292,35.3853,-94.4173,Flatbed,1045.0,613.0
673,Load,2023-11-18T12:23:55,10174,42.5373,-83.1101,40.8009,-85.8193,Van,451.0,243.0
674,Load,2023-11-18T12:23:56,10921,40.592,-84.9572,42.8808,-87.8832,Van,700.0,274.0
675,Load,2023-11-18T12:23:56,40014,47.4803,-94.8793,30.763,-98.223,Flatbed,1950.0,1361.0
676,Load,2023-11-18T12:23:56,10107,39.4106,-77.4166,37.7397,-121.4252,Reefer,3700.0,2756.0
677,Load,2023-11-18T12:23:56,10232,40.4593,-74.361,36.1224,-78.6861,Flatbed,700.0,448.0
679,Load,2023-11-18T12:24:24,10403,41.07,-85.0379,38.0489,-84.4998,Van,675.0,234.0
682,Load,2023-11-18T12:25:53,10513,39.9353,-75.0827,35.3888,-82.5666,Reefer,1250.0,618.0
684,Load,2023-11-18T12:27:15,10208,39.0937,-76.8559,41.9649,-71.1931,Reefer,1300.0,412.0
685,Load,2023-11-18T12:27:26,10942,43.9594,-86.4458,42.8808,-87.8832,Reefer,900.0,319.0
687,Load,2023-11-18T12:27:54,10305,40.02,-74.97,33.98,-118.11,Van,2800.0,2724.0
688,Load,2023-11-18T12:28:37,10046,38.0626,-81.8209,39.3951,-84.566,Flatbed,750.0,239.0
692,Load,2023-11-18T12:30:06,10938,41.0,-80.347,39.8296,-84.8877,Van,650.0,289.0
696,Load,2023-11-18T12:31:39,10026,40.1726,-80.2506,37.9323,-87.8951,Van,800.0,498.0
709,Load,2023-11-18T12:33:57,10321,40.7884,-74.1332,36.9303,-86.8875,Van,120.0,883.0
711,Load,2023-11-18T12:34:01,10118,39.5223,-85.7731,38.4453,-86.8044,Flatbed,500.0,146.0
712,Load,2023-11-18T12:34:03,10628,43.2582,-70.8654,32.8405,-83.6252,Van,1800.0,1199.0
714,Load,2023-11-18T12:35:13,10552,42.6633,-82.9944,42.3112,-83.2163,Van,200.0,32.0
716,Load,2023-11-18T12:36:34,10218,41.8037,-80.0565,40.2795,-86.5108,Van,941.0,419.0
717,Load,2023-11-18T12:36:39,10054,40.8043,-74.0121,42.1832,-71.2146,Flatbed,950.0,209.0
722,Load,2023-11-18T12:37:19,10043,39.4862,-75.0257,39.6136,-86.1061,Reefer,1100.0,686.0
723,Load,2023-11-18T12:37:29,10529,40.2454,-76.921,41.052,-83.6438,Van,650.0,410.0
727,Load,2023-11-18T12:38:19,10286,40.1701,-79.5981,40.3468,-74.4425,Van,800.0,322.0
728,Load,2023-11-18T12:38:22,10326,40.392,-79.8851,40.3468,-74.4425,Van,800.0,349.0
731,Load,2023-11-18T12:39:19,10221,39.9934,-81.7329,43.1153,-88.5016,Van,743.0,516.0
736,Load,2023-11-18T12:40:23,10188,43.1593,-76.3217,40.7358,-74.1743,Van,825.0,250.0
741,Load,2023-11-18T12:41:48,10241,37.976,-87.5497,40.6858,-76.1953,Van,1700.0,741.0
742,Load,2023-11-18T12:42:43,10666,39.6621,-75.5663,32.4844,-97.0052,Van,2330.35,1462.0
750,Load,2023-11-18T12:45:45,10682,37.6916,-85.8597,43.2123,-77.43,Reefer,2100.0,665.0
752,Load,2023-11-18T12:45:51,10504,40.7488,-73.9931,40.6794,-75.6168,Reefer,776.0,117.0
761,Load,2023-11-18T12:49:11,11005,40.1052,-83.2689,37.1808,-85.8939,Van,600.0,281.0
765,Load,2023-11-18T12:51:24,10848,43.2145,-77.9385,41.902,-71.0934,Reefer,1500.0,409.0
772,Load,2023-11-18T12:54:31,10541,36.7265,-78.1289,35.7837,-80.8867,Van,600.0,184.0
777,Load,2023-11-18T12:55:45,10969,42.9038,-78.6933,28.1069,-81.6228,Van,2800.0,1201.0
782,Load,2023-11-18T12:57:52,10096,38.1876,-84.88,43.25,-89.3441,Van,800.0,504.0
783,Load,2023-11-18T12:57:53,10283,37.8434,-87.5908,38.8796,-81.862,Van,1100.0,386.0
792,Load,2023-11-18T12:59:56,10015,40.9537,-75.9804,42.0834,-71.3954,Van,808.0,321.0
797,Load,2023-11-18T13:02:13,10150,41.3095,-81.1435,40.5293,-75.3932,Reefer,1200.0,352.0
805,Load,2023-11-18T13:04:23,10525,40.3708,-80.6187,35.7745,-78.64,Flatbed,1211.0,521.0
806,Load,2023-11-18T13:04:26,10154,40.2134,-77.7,41.5286,-71.9617,Flatbed,910.0,374.0
810,Load,2023-11-18T13:05:15,10364,40.7453,-86.7647,34.3777,-84.9331,Van,1500.0,567.0
811,Load,2023-11-18T13:05:26,10264,37.7807,-80.394,40.5865,-79.7781,Van,700.0,266.0
812,Load,2023-11-18T13:05:47,10080,39.0971,-84.5108,35.1411,-90.045,Van,800.0,460.0
814,Load,2023-11-18T13:06:37,10441,38.14,-79.06,40.65,-75.35,Van,650.0,303.0
819,Load,2023-11-18T13:08:45,10301,41.6,-73.97,41.95,-87.94,Van,1000.0,826.0
820,Load,2023-11-18T13:08:46,10175,41.9403,-85.0005,39.5363,-83.4324,Reefer,1000.0,240.0
825,Load,2023-11-18T13:09:41,10083,40.3754,-74.5117,38.7523,-77.4752,Van,750.0,214.0
826,Load,2023-11-18T13:09:44,10233,40.5173,-74.4068,41.7671,-88.1883,Van,837.0,813.0
829,Load,2023-11-18T13:10:53,10963,41.1573,-85.4883,32.7401,-97.3104,Reefer,2200.0,1006.0
830,Load,2023-11-18T13:10:55,10758,37.81,-77.43,39.39,-84.22,Van,850.0,508.0
831,Load,2023-11-18T13:11:23,11026,42.2616,-71.8196,39.7446,-75.5462,Flatbed,600.0,300.0
832,Load,2023-11-18T13:11:51,10213,41.4788,-72.6802,36.2157,-83.2934,Flatbed,1350.0,766.0
836,Load,2023-11-18T13:13:06,10093,39.8315,-75.7574,41.6648,-72.6425,Reefer,900.0,243.0
840,Load,2023-11-18T13:14:37,40009,36.7081,-119.5585,27.4429,-80.3345,Reefer,7100.0,2749.0
842,Load,2023-11-18T13:15:16,10066,41.6772,-85.7,37.639,-121.0052,Reefer,3200.0,2235.0
843,Load,2023-11-18T13:15:19,10391,40.86,-73.8712,40.6026,-75.4655,Van,418.0,101.0
848,Load,2023-11-18T13:15:59,10185,46.281,-87.441,44.0938,-91.7496,Flatbed,850.0,387.0
859,Load,2023-11-18T13:19:39,10203,40.8379,-74.2727,39.785,-85.7694,Van,850.0,666.0
863,Load,2023-11-18T13:20:40,40008,32.3511,-90.8841,32.7793,-91.9179,Flatbed,425.0,95.0
877,Load,2023-11-18T13:26:09,10356,39.05,-76.6576,40.8856,-85.5011,Van,760.0,598.0
879,Load,2023-11-18T13:27:26,10667,38.3487,-85.7,29.7633,-95.3634,Flatbed,2020.0,956.0
882,Load,2023-11-18T13:28:06,10016,37.5686,-84.2963,33.5778,-101.8551,Van,3000.0,1187.0
883,Load,2023-11-18T13:28:07,10108,44.0381,-85.4539,39.7684,-86.1581,Flatbed,800.0,338.0
884,Load,2023-11-18T13:28:07,10184,39.8887,-82.9649,38.9259,-79.8467,Van,775.0,241.0
885,Load,2023-11-18T13:28:12,10870,40.5903,-83.1294,42.9099,-85.5879,Van,550.0,268.0
887,Load,2023-11-18T13:29:12,10173,37.9323,-87.8951,44.669,-93.6342,Flatbed,1260.0,728.0
888,Load,2023-11-18T13:30:32,10907,38.3237,-86.1547,42.0414,-87.8878,Van,650.0,313.0
892,Load,2023-11-18T13:32:40,11013,44.4431,-69.1492,38.6619,-84.9397,Flatbed,1750.0,1093.0
895,Load,2023-11-18T13:33:57,11043,40.0904,-74.2164,40.8823,-74.0832,Van,375.0,64.0
901,Load,2023-11-18T13:35:17,10832,40.2579,-75.7263,35.2274,-80.8434,Flatbed,1100.0,551.0
911,Load,2023-11-18T13:39:13,40003,45.1473,-122.577,43.6054,-116.3915,Flatbed,1100.0,443.0
912,Load,2023-11-18T13:39:14,10122,42.6242,-75.3316,42.3709,-72.5981,Reefer,1000.0,201.0
913,Load,2023-11-18T13:39:15,10380,41.5214,-84.3072,38.7317,-88.0889,Van,693.72,331.0
918,Load,2023-11-18T13:40:08,10941,38.5678,-81.9884,35.0073,-80.9465,Reefer,1000.0,309.0
920,Load,2023-11-18T13:41:02,10070,40.4418,-75.3416,36.7285,-76.5839,Reefer,1000.0,317.0
921,Load,2023-11-18T13:41:37,10101,40.0187,-78.5039,40.0187,-78.5039,Van,800.0,0.0
922,Load,2023-11-18T13:42:17,10378,42.8657,-71.4896,41.2784,-73.0257,Van,600.0,171.0
932,Load,2023-11-18T13:43:32,10369,43.5945,-83.8889,41.433,-81.5509,Van,876.33,277.0
933,Load,2023-11-18T13:43:33,10748,43.0831,-73.7846,42.9981,-78.1875,Van,530.17,245.0
934,Load,2023-11-18T13:43:33,40007,30.4535,-91.211,32.8405,-83.6252,Van,1000.0,547.0
941,Load,2023-11-18T13:45:45,10772,40.8216,-73.1323,40.622,-74.2446,Van,500.0,78.0
942,Load,2023-11-18T13:45:46,10451,39.4799,-86.064,35.1411,-90.045,Reefer,1000.0,441.0
943,Load,2023-11-18T13:45:46,10092,40.1165,-74.8039,41.8465,-71.8876,Van,500.0,233.0
944,Load,2023-11-18T13:46:13,10412,41.42,-81.49,40.16,-84.22,Van,500.0,197.0
947,Load,2023-11-18T13:46:38,10124,42.3854,-72.0954,35.2429,-81.0373,Flatbed,1100.0,829.0
948,Load,2023-11-18T13:46:56,10328,41.3437,-86.3109,39.0224,-94.668,Van,1135.0,554.0
952,Load,2023-11-18T13:47:57,10443,41.6429,-83.5102,36.1513,-95.9948,Flatbed,2150.0,871.0
954,Load,2023-11-18T13:48:46,10247,37.0805,-77.9974,33.8314,-81.801,Flatbed,550.0,379.0
955,Load,2023-11-18T13:49:48,10884,39.86,-86.46,41.92,-88.75,Flatbed,650.0,230.0
956,Load,2023-11-18T13:50:59,10741,36.8538,-76.2849,34.0062,-84.1406,Van,896.0,544.0
957,Load,2023-11-18T13:51:02,10588,40.5173,-75.7774,36.6983,-78.9012,Van,910.0,364.0
961,Load,2023-11-18T13:52:17,10393,40.79,-81.52,27.2,-81.85,Van,2400.0,1098.0
962,Load,2023-11-18T13:52:18,10874,43.224,-77.1861,40.0187,-78.5039,Van,775.0,323.0
964,Load,2023-11-18T13:53:40,10500,42.9099,-85.5879,41.5251,-88.082,Van,500.0,188.0
965,Load,2023-11-18T13:53:40,10269,37.281,-79.897,41.07,-85.0379,Van,945.45,512.0
967,Load,2023-11-18T13:54:25,10389,40.2628,-85.6758,37.0774,-94.509,Van,900.0,581.0
968,Load,2023-11-18T13:54:26,10771,40.125,-79.8665,43.0386,-87.9067,Van,1000.0,571.0
970,Load,2023-11-18T13:54:34,10756,37.2784,-84.6586,32.1324,-81.299,Flatbed,1000.0,538.0
971,Load,2023-11-18T13:54:35,10231,42.6606,-78.0856,35.0073,-80.9465,Van,1800.0,715.0
972,Load,2023-11-18T13:54:37,10042,38.994,-80.232,40.7358,-74.1743,Flatbed,1600.0,427.0
973,Load,2023-11-18T13:54:37,10035,39.9617,-82.4913,33.6118,-86.6737,Van,1100.0,582.0
974,Load,2023-11-18T13:54:39,10289,42.2829,-71.0855,30.3812,-89.7446,Reefer,2428.0,1493.0
975,Load,2023-11-18T13:54:40,10053,40.7533,-73.4918,37.2706,-79.9417,Van,1150.0,502.0
979,Load,2023-11-18T13:56:35,10088,38.2098,-84.5588,36.1224,-78.6861,Van,1000.0,474.0
980,Load,2023-11-18T13:56:36,10287,41.9119,-83.4023,42.6004,-73.7705,Van,1700.0,592.0
981,Load,2023-11-18T13:56:37,10112,43.0944,-79.0537,33.6018,-83.8617,Van,1800.0,910.0
986,Load,2023-11-18T13:58:29,10104,39.0909,-84.8499,39.9626,-76.7278,Van,1200.0,508.0
994,Load,2023-11-18T14:01:51,10916,43.0192,-78.8804,41.2384,-81.7451,Van,650.0,217.0
996,Load,2023-11-18T14:02:56,10684,42.1574,-72.3288,40.1862,-80.1384,Flatbed,765.0,532.0
1000,Load,2023-11-18T14:03:06,10985,39.835,-75.3873,40.7696,-73.8624,Van,730.4,119.0
1001,Load,2023-11-18T14:03:09,10966,40.1984,-83.0102,35.4885,-97.5054,Van,1740.0,945.0
1003,Load,2023-11-18T14:03:57,10110,42.9981,-78.1875,25.7812,-80.1911,Van,3230.0,1428.0
1006,Load,2023-11-18T14:04:33,10708,42.2593,-83.2067,32.8172,-96.9566,Van,2200.0,1162.0
1010,Load,2023-11-18T14:06:11,10980,40.27,-75.3,35.02,-80.96,Reefer,1400.0,580.0
1011,Load,2023-11-18T14:06:11,10337,40.6555,-73.9783,40.8923,-74.4774,Van,500.0,44.0
1012,Load,2023-11-18T14:06:12,10114,41.0748,-85.1441,41.5277,-85.0759,Van,400.0,39.0
1013,Load,2023-11-18T14:06:12,10075,38.8975,-77.0328,39.7345,-104.935,Van,2650.0,1665.0
1015,Load,2023-11-18T14:06:57,10292,42.912,-77.7456,37.2533,-81.2713,Reefer,1400.0,562.0
1016,Load,2023-11-18T14:07:12,10890,39.4058,-76.6287,40.659,-73.8327,Flatbed,1100.0,214.0
1019,Load,2023-11-18T14:09:21,10461,40.6081,-79.7412,41.4944,-81.6856,Flatbed,600.0,142.0
1022,Load,2023-11-18T14:09:37,10270,40.214,-74.7599,40.7833,-73.9667,Flatbed,650.0,70.0
1028,Load,2023-11-18T14:12:49,10079,39.5608,-76.0706,41.902,-71.0934,Reefer,1200.0,343.0
1032,Load,2023-11-18T14:14:00,10164,40.0323,-74.9574,34.0745,-84.3002,Van,1100.0,788.0
1035,Load,2023-11-18T14:14:47,10716,39.9502,-77.6639,39.3505,-112.5764,Flatbed,4450.0,2346.0
1036,Load,2023-11-18T14:14:50,40013,32.7833,-96.8004,38.8467,-91.948,Van,887.0,573.0
1037,Load,2023-11-18T14:14:53,10790,43.7144,-86.1245,39.1231,-93.1969,Reefer,1400.0,617.0
1043,Load,2023-11-18T14:16:11,10742,40.6364,-82.968,39.5427,-77.1069,Van,1200.0,439.0
1046,Load,2023-11-18T14:16:54,10055,40.624,-75.3799,26.3181,-80.092,Reefer,2600.0,1217.0
1047,Load,2023-11-18T14:16:54,10195,40.5395,-76.9608,41.6261,-71.4545,Flatbed,1050.0,350.0
1048,Load,2023-11-18T14:16:54,10516,38.0676,-78.701,38.7754,-76.0756,Flatbed,450.0,205.0
1049,Load,2023-11-18T14:16:54,10494,46.0902,-88.0776,41.8744,-87.6514,Flatbed,775.0,324.0
1050,Load,2023-11-18T14:16:54,10450,36.996,-85.9118,40.58,-75.39,Van,1650.0,758.0
1051,Load,2023-11-18T14:16:54,10209,41.0006,-73.6649,39.9873,-90.7635,Van,1500.0,1029.0
1052,Load,2023-11-18T14:16:55,10354,40.2789,-84.6375,38.5899,-121.5167,Reefer,3200.0,2296.0
1053,Load,2023-11-18T14:16:55,11059,42.65,-78.0833,39.7554,-76.0147,Van,1000.0,303.0
1054,Load,2023-11-18T14:16:55,10937,38.8163,-76.7512,40.9537,-75.9804,Van,625.0,200.0
1055,Load,2023-11-18T14:16:55,10237,40.6229,-79.1554,39.1037,-94.5999,Flatbed,2052.0,907.0
1056,Load,2023-11-18T14:16:55,10409,42.1954,-70.9609,33.7958,-84.662,Van,1400.0,1085.0
1057,Load,2023-11-18T14:17:05,10309,40.3753,-85.2094,37.2747,-76.7067,Van,1600.0,656.0
1058,Load,2023-11-18T14:17:12,10341,39.47,-86.06,42.65,-83.75,Flatbed,650.0,312.0
1060,Load,2023-11-18T14:17:30,10646,40.722,-81.5226,40.3468,-74.4425,Reefer,1400.0,462.0
1065,Load,2023-11-18T14:18:21,10094,39.0519,-82.6385,47.3044,-122.2455,Reefer,4000.0,2363.0
1067,Load,2023-11-18T14:18:53,10001,39.017,-84.5987,36.1997,-86.5194,Reefer,800.0,281.0
1069,Load,2023-11-18T14:19:30,10028,40.1862,-80.1384,37.6443,-84.7756,Van,900.0,417.0
1071,Load,2023-11-18T14:20:29,10743,42.5363,-83.4818,40.7476,-84.114,Van,400.0,154.0
1072,Load,2023-11-18T14:20:32,10372,42.1167,-80.0826,34.9711,-78.9463,Van,1600.0,637.0
1073,Load,2023-11-18T14:20:32,10036,40.7476,-84.114,39.0297,-83.9188,Van,450.0,151.0
1074,Load,2023-11-18T14:20:33,10190,41.3935,-81.4441,42.6739,-85.6447,Van,483.0,312.0
1077,Load,2023-11-18T14:21:28,10352,40.3315,-75.9291,34.7009,-118.1596,Reefer,3600.0,2652.0
1078,Load,2023-11-18T14:21:28,10243,40.5168,-74.3051,29.9561,-90.0773,Van,2000.0,1266.0
1079,Load,2023-11-18T14:21:33,10024,39.1851,-78.1664,33.5778,-101.8551,Reefer,2600.0,1571.0
1081,Load,2023-11-18T14:21:45,10363,42.8509,-72.5579,44.2914,-93.2699,Reefer,2100.0,1291.0
1085,Load,2023-11-18T14:22:30,10038,39.9242,-79.8356,43.0098,-78.638,Flatbed,800.0,285.0
1087,Load,2023-11-18T14:22:42,10398,40.4483,-80.6154,39.8068,-104.9336,Van,2500.0,1417.0
1091,Load,2023-11-18T14:23:53,11019,39.6274,-84.649,37.1989,-85.0092,Flatbed,800.0,196.0
1095,Load,2023-11-18T14:24:51,10606,41.9234,-85.5283,38.7383,-82.9959,Flatbed,900.0,329.0
1097,Load,2023-11-18T14:25:48,10323,39.9492,-80.7543,40.2015,-77.1889,Van,700.0,233.0
1101,Load,2023-11-18T14:26:59,10663,40.0712,-74.8649,41.3573,-88.4212,Reefer,1000.0,829.0
1102,Load,2023-11-18T14:26:59,10840,40.4405,-79.9961,39.1037,-94.5999,Flatbed,2052.0,848.0
1106,Load,2023-11-18T14:27:39,10186,40.4187,-80.5875,42.9651,-85.6723,Flatbed,1050.0,416.0
1107,Load,2023-11-18T14:27:39,10141,41.12,-85.35,46.75,-96.9,Flatbed,2600.0,798.0
1109,Load,2023-11-18T14:28:23,10160,39.9698,-81.5365,31.848,-102.367,Van,1400.0,1482.0
1111,Load,2023-11-18T14:29:11,10855,37.9373,-79.2328,39.7566,-84.191,Van,600.0,381.0
1116,Load,2023-11-18T14:30:00,10245,40.2142,-77.0091,41.6261,-71.4545,Van,1100.0,367.0
1119,Load,2023-11-18T14:30:26,10069,40.622,-74.2446,40.2842,-84.1555,Flatbed,975.0,612.0
1124,Load,2023-11-18T14:32:17,10520,41.627,-79.6737,27.5077,-99.5029,Van,2210.65,1667.0
1128,Load,2023-11-18T14:33:01,10714,46.1012,-67.96,34.7048,-85.2818,Flatbed,2350.0,1388.0
1130,Load,2023-11-18T14:33:33,40021,34.9064,-117.0208,39.0792,-108.5802,Reefer,3000.0,663.0
1131,Load,2023-11-18T14:33:33,10106,41.7214,-85.8175,40.1245,-87.63,Van,500.0,195.0
1132,Load,2023-11-18T14:33:37,10159,39.7476,-75.3105,40.7222,-73.4243,Van,400.0,150.0
1133,Load,2023-11-18T14:33:40,10898,43.1609,-85.7104,39.9265,-83.8183,Van,850.0,298.0
1137,Load,2023-11-18T14:34:28,10223,41.3045,-82.9765,32.9234,-96.6273,Van,2250.0,1086.0
1138,Load,2023-11-18T14:34:28,10324,41.052,-83.6438,39.7684,-86.1581,Van,621.84,200.0
1140,Load,2023-11-18T14:34:33,10303,42.8644,-73.7699,41.9573,-83.6597,Van,950.0,601.0
1145,Load,2023-11-18T14:35:44,11029,41.8007,-73.1212,35.7349,-84.3479,Van,1061.25,857.0
1152,Load,2023-11-18T14:37:26,10084,40.3376,-79.8089,42.9709,-82.4274,Van,750.0,378.0
1157,Load,2023-11-18T14:37:54,10172,41.729,-81.1768,39.9791,-86.1169,Flatbed,1641.0,352.0
1158,Load,2023-11-18T14:37:55,10138,40.5088,-78.3998,40.4745,-76.2913,Van,500.0,154.0
1159,Load,2023-11-18T14:37:57,11002,38.7552,-85.8073,41.673,-85.5804,Van,600.0,246.0
1160,Load,2023-11-18T14:37:57,10205,40.3397,-76.4235,40.768,-73.1089,Reefer,900.0,210.0
1162,Load,2023-11-18T14:38:20,10733,39.7042,-86.3994,42.2966,-85.4319,Van,595.0,254.0
1164,Load,2023-11-18T14:38:24,10334,38.2543,-85.7593,37.6811,-97.3314,Van,1400.0,700.0
1166,Load,2023-11-18T14:39:11,10699,40.5667,-75.6167,39.95,-76.7167,Reefer,500.0,86.0
1167,Load,2023-11-18T14:39:20,10979,42.903,-78.7559,43.0837,-76.324,Reefer,800.0,133.0
1169,Load,2023-11-18T14:40:04,10873,41.3949,-82.5552,42.4916,-96.3778,Van,1650.0,785.0
1170,Load,2023-11-18T14:40:05,10050,41.013,-81.6073,32.2614,-110.9771,Van,2950.0,1949.0
1171,Load,2023-11-18T14:40:10,10014,41.3132,-72.9297,38.5562,-75.5708,Flatbed,525.0,287.0
1172,Load,2023-11-18T14:40:36,10133,42.4795,-79.3339,39.0971,-84.5108,Van,850.0,392.0
1174,Load,2023-11-18T14:40:57,10103,41.4026,-75.6633,41.7108,-88.0687,Reefer,1300.0,880.0
1175,Load,2023-11-18T14:40:57,10545,42.4906,-83.1132,39.1753,-89.6543,Flatbed,1450.0,501.0
1176,Load,2023-11-18T14:40:57,10310,40.9782,-81.7756,34.2618,-85.1821,Van,1400.0,600.0
1177,Load,2023-11-18T14:40:59,10777,42.4721,-83.2828,32.3136,-90.1277,Reefer,2600.0,960.0
1184,Load,2023-11-18T14:43:14,10260,38.25,-85.72,40.9,-74.72,Reefer,2000.0,714.0
1188,Load,2023-11-18T14:44:01,10470,40.03,-76.32,41.92,-72.62,Van,850.0,286.0
1192,Load,2023-11-18T14:44:56,10897,43.0528,-74.3438,40.214,-74.7599,Van,691.0,241.0
1203,Load,2023-11-18T14:48:47,10228,41.9769,-72.5916,42.6952,-87.908,Van,1300.0,960.0
1204,Load,2023-11-18T14:48:47,10904,42.6739,-85.6447,43.7322,-83.4511,Van,382.0,199.0
1210,Load,2023-11-18T14:51:53,10987,39.19,-76.72,41.29,-81.48,Van,650.0,350.0
1236,Load,2023-11-18T15:02:33,10466,40.41,-80.58,40.83,-73.84,Van,1300.0,412.0
1246,Load,2023-11-18T15:07:03,11040,37.092,-84.606,38.9122,-78.1942,Van,1100.0,499.0
1252,Load,2023-11-18T15:09:16,10656,40.0393,-76.4308,33.4347,-112.2774,Reefer,3500.0,2336.0
1256,Load,2023-11-18T15:11:09,11006,40.549,-76.8119,33.4215,-96.5772,Van,2000.0,1406.0
1259,Load,2023-11-18T15:12:43,10002,39.5524,-76.0917,40.8931,-74.5818,Van,465.0,162.0
1263,Load,2023-11-18T15:13:40,10302,40.5679,-84.1963,37.8347,-97.3734,Van,1600.0,837.0
1264,Load,2023-11-18T15:13:41,10071,38.4207,-82.5845,41.5963,-87.3032,Flatbed,1016.0,426.0
1265,Load,2023-11-18T15:13:41,10977,37.2747,-76.7067,38.7754,-76.0756,Van,650.0,210.0
1266,Load,2023-11-18T15:13:43,11041,40.1615,-74.8653,43.0011,-84.5591,Van,825.0,670.0
1284,Load,2023-11-18T15:17:57,10642,40.2973,-74.73,34.9372,-79.7728,Van,900.0,543.0
1311,Load,2023-11-18T15:27:18,10703,38.2027,-84.2667,38.6419,-83.7444,Van,400.0,49.0
1317,Load,2023-11-18T15:28:24,40025,31.3467,-110.9332,29.7633,-95.3634,Reefer,1250.0,1114.0
1323,Load,2023-11-18T15:31:02,40024,28.5463,-81.3783,39.6474,-104.9945,Van,2579.0,1849.0
1329,Load,2023-11-18T15:32:51,10040,37.951,-78.2464,33.4535,-82.646,Flatbed,525.0,484.0
1331,Load,2023-11-18T15:33:02,10829,41.3454,-83.1179,40.2413,-76.1373,Van,1137.0,437.0
1333,Load,2023-11-18T15:33:14,10420,44.3353,-85.215,33.4412,-86.7925,Van,2700.0,819.0
1334,Load,2023-11-18T15:33:14,10239,40.17,-77.39,42.45,-83.19,Van,700.0,459.0
1335,Load,2023-11-18T15:33:14,10957,40.57,-75.62,42.47,-73.76,Reefer,1119.0,233.0
1336,Load,2023-11-18T15:33:16,10519,39.44,-84.36,33.64,-96.55,Flatbed,2000.0,938.0
1337,Load,2023-11-18T15:33:16,10659,42.1167,-72.75,41.65,-72.6333,Reefer,385.0,43.0
1338,Load,2023-11-18T15:33:59,10011,41.14,-85.44,43.08,-94.55,Flatbed,1600.0,572.0
1354,Load,2023-11-18T15:37:33,10547,41.1223,-80.3328,41.902,-71.0934,Reefer,2000.0,567.0
1355,Load,2023-11-18T15:37:33,10012,39.9479,-85.975,36.1768,-82.9968,Van,791.0,385.0
1361,Load,2023-11-18T15:39:36,10396,41.6604,-71.4559,42.9822,-78.7999,Van,653.3,452.0
1362,Load,2023-11-18T15:40:35,40004,48.1702,-116.756,30.0566,-95.9265,Flatbed,3094.0,2115.0
1366,Load,2023-11-18T15:41:53,10099,38.4749,-80.4088,35.7965,-81.4309,Flatbed,750.0,287.0
1373,Load,2023-11-18T15:44:01,10929,40.2332,-76.1372,40.0712,-74.8649,Reefer,513.86,81.0
1380,Load,2023-11-18T15:46:16,10058,39.9634,-83.0021,42.9672,-78.8733,Flatbed,750.0,333.0
1385,Load,2023-11-18T15:48:17,10259,36.7285,-76.5839,37.7993,-82.4213,Flatbed,1179.0,451.0
1392,Load,2023-11-18T15:50:34,10623,39.8957,-75.1191,41.5276,-74.2368,Van,800.0,160.0
1393,Load,2023-11-18T15:51:52,10157,40.24,-76.88,40.29,-78.44,Reefer,500.0,117.0
1400,Load,2023-11-18T15:54:33,10930,40.5311,-74.5628,40.1165,-74.8039,Van,300.0,43.0
1401,Load,2023-11-18T15:54:33,10073,40.0194,-82.8782,40.1052,-83.2689,Van,350.0,26.0
1407,Load,2023-11-18T15:57:06,10098,39.7684,-86.1581,44.0097,-92.4815,Van,924.0,529.0
1414,Load,2023-11-18T15:59:41,10526,37.3578,-77.442,36.1768,-82.9968,Van,600.0,369.0
1419,Load,2023-11-18T16:00:59,10484,39.8521,-82.8846,40.149,-79.5412,Van,725.0,198.0
1427,Load,2023-11-18T16:03:26,40015,32.3643,-88.7037,33.6733,-83.9559,Van,700.0,328.0
1434,Load,2023-11-18T16:05:19,10076,42.9317,-76.5661,40.6359,-78.2959,Van,850.0,246.0
1435,Load,2023-11-18T16:05:39,10061,40.4745,-76.2913,33.7531,-84.3883,Van,1037.0,747.0
1437,Load,2023-11-18T16:05:49,10057,36.6082,-79.2953,31.5756,-84.1555,Van,1000.0,504.0
1442,Load,2023-11-18T16:07:56,40001,40.5815,-105.077,43.6139,-116.2036,Reefer,950.0,738.0
1444,Load,2023-11-18T16:07:57,10033,41.5659,-83.4849,34.1973,-82.1656,Van,1790.0,683.0
1451,Load,2023-11-18T16:09:45,10728,42.0874,-71.4751,42.7899,-78.8245,Flatbed,1000.0,444.0
1455,Load,2023-11-18T16:10:54,11044,39.914,-79.6692,42.7673,-71.8123,Flatbed,1800.0,567.0
1459,Load,2023-11-18T16:11:33,10395,40.3667,-74.5,32.7833,-96.8,Van,2350.0,1516.0
1461,Load,2023-11-18T16:11:50,10169,41.5757,-87.2,36.7264,-91.8549,Flatbed,1575.0,516.0
1467,Load,2023-11-18T16:14:28,10222,39.3415,-84.3987,39.5179,-77.1093,Van,1600.0,454.0
1470,Load,2023-11-18T16:14:52,10961,39.5155,-81.0604,37.1281,-84.0835,Van,863.0,326.0
1477,Load,2023-11-18T16:16:16,10678,40.04,-86.89,44.0,-92.48,Reefer,900.0,507.0
1479,Load,2023-11-18T16:16:38,10183,40.1465,-84.2432,41.0382,-73.9445,Van,1647.0,616.0
1485,Load,2023-11-18T16:18:52,10544,41.0183,-76.8541,40.6638,-74.2108,Van,650.75,166.0
1492,Load,2023-11-18T16:22:39,10964,40.9018,-81.1143,35.699,-89.9815,Flatbed,1700.0,721.0
1494,Load,2023-11-18T16:22:53,10514,41.402,-74.3243,40.8574,-74.3491,Reefer,622.5,53.0
1500,Load,2023-11-18T16:25:21,10217,41.556,-83.6282,34.1973,-82.1656,Van,1700.0,664.0
1507,Load,2023-11-18T16:27:32,10127,42.1251,-72.7495,39.6621,-75.5663,Flatbed,610.0,263.0
1508,Load,2023-11-18T16:27:59,10031,42.982,-84.1177,46.2549,-119.9052,Van,2895.2,2136.0
1514,Load,2023-11-18T16:29:50,10013,42.5939,-86.1017,39.0228,-88.8541,Van,697.13,330.0
1531,Load,2023-11-18T16:36:07,10599,36.6779,-76.9229,38.7754,-76.0756,Flatbed,625.0,233.0
1541,Load,2023-11-18T16:40:33,10047,40.45,-85.35,39.0,-78.16,Van,1400.0,534.0
1547,Load,2023-11-18T16:42:36,10662,42.1043,-72.319,37.6586,-77.5044,Flatbed,600.0,491.0
1558,Load,2023-11-18T16:46:39,10298,41.7106,-74.5743,39.9502,-77.6639,Reefer,700.0,253.0
1572,Load,2023-11-18T16:49:08,10476,39.2645,-76.5021,41.902,-71.0934,Flatbed,1200.0,381.0
1574,Load,2023-11-18T16:49:11,10442,41.1704,-76.8769,38.7081,-77.8015,Flatbed,450.0,213.0
1595,Load,2023-11-18T16:55:39,10258,42.0895,-76.8084,36.0725,-79.7921,Reefer,1000.0,568.0
1598,Load,2023-11-18T16:56:47,10499,40.0631,-76.7183,40.4777,-74.6268,Van,600.0,152.0
1603,Load,2023-11-18T16:58:10,40016,39.73,-104.93,41.36,-74.27,Reefer,3800.0,1774.0
1607,Load,2023-11-18T16:59:11,10117,40.3989,-81.3481,30.6889,-88.0495,Flatbed,1425.0,938.0
1619,Load,2023-11-18T17:02:10,10365,41.52,-84.3,31.08,-97.36,Van,2000.0,1229.0
1627,Load,2023-11-18T17:04:10,10625,40.1833,-85.3833,38.25,-85.75,Van,500.0,178.0
1630,Load,2023-11-18T17:05:17,11050,42.585,-84.4483,41.5277,-85.0759,Van,400.0,101.0
1645,Load,2023-11-18T17:10:59,10210,38.6625,-86.4629,45.1437,-122.8555,Van,3500.0,2327.0
1660,Load,2023-11-18T17:15:19,10940,42.0481,-71.8857,41.2588,-95.9506,Van,500.0,1406.0
1692,Load,2023-11-18T17:26:05,10973,37.8457,-83.8586,37.6916,-85.8597,Van,600.0,130.0
1703,Load,2023-11-18T17:27:46,11056,42.3806,-76.8733,37.5483,-77.4459,Van,1100.0,410.0
1921,Load,2023-11-18T18:41:19,10806,40.7222,-73.4243,39.3699,-77.2733,Reefer,900.0,277.0
2186,Load,2023-11-18T20:23:28,10009,39.4274,-75.2342,40.0712,-74.8649,Van,332.5,53.0
2213,Load,2023-11-18T20:28:47,10497,40.112,-85.684,37.294,-80.0528,Reefer,1650.0,450.0
2216,Load,2023-11-18T20:31:02,10189,40.6638,-74.2108,41.0006,-73.6649,Van,435.75,50.0
2219,Load,2023-11-18T20:33:16,10467,43.3278,-78.1353,36.4993,-80.6073,Van,1300.0,621.0
2220,Load,2023-11-18T20:33:16,10022,36.99,-84.5995,30.3812,-89.7446,Van,1114.2,622.0
2489,Load,2023-11-18T22:52:09,10316,37.7574,-84.3054,40.4842,-88.9937,Van,891.0,385.0
